Entity,Year,cum_sum_regions,global_share_land_use_extent,foraging,extensive_agriculture,intensive_agriculture,pastoralism,urban,foraging_onset_date,foraging_decline_date,extensive_agriculture_onset,extensive_agriculture_decline,pastoralism_onset,pastoralism_decline,intensive_agriculture_onset,intensive_agriculture_decline,urban_onset,urban_decline
Intensive Agriculture,1850,,0.975261092,,,,,,,,,,,,,,,
Intensive Agriculture Common,-8000,0.301204819,,,,,,,,,,,,,,,,
Intensive Agriculture Common,-6000,0.301204819,,,,,,,,,,,,,,,,
Intensive Agriculture Common,-4000,2.7108433730000003,,,,,,,,,,,,,,,,
Intensive Agriculture Common,-2000,6.626506023999999,,,,,,,,,,,,,,,,
Intensive Agriculture Common,-1000,9.036144578,,,,,,,,,,,,,,,,
Intensive Agriculture Common,0,12.04819277,,,,,,,,,,,,,,,,
Intensive Agriculture Common,1000,16.86746988,,,,,,,,,,,,,,,,
Intensive Agriculture Common,1550,16.56626506,,,,,,,,,,,,,,,,
Intensive Agriculture Common,1800,18.37349398,,,,,,,,,,,,,,,,
Intensive Agriculture Common,1900,17.1686747,,,,,,,,,,,,,,,,
Intensive Agriculture Widespread,-8000,0.409836066,,,,,,,,,,,,,,,,
Intensive Agriculture Widespread,-6000,0.409836066,,,,,,,,,,,,,,,,
Intensive Agriculture Widespread,-4000,1.2295081970000001,,,,,,,,,,,,,,,,
Intensive Agriculture Widespread,-2000,2.459016393,,,,,,,,,,,,,,,,
Intensive Agriculture Widespread,-1000,5.7377049179999995,,,,,,,,,,,,,,,,
Intensive Agriculture Widespread,0,10.24590164,,,,,,,,,,,,,,,,
Intensive Agriculture Widespread,1000,13.52459016,,,,,,,,,,,,,,,,
Intensive Agriculture Widespread,1550,18.44262295,,,,,,,,,,,,,,,,
Intensive Agriculture Widespread,1800,20.49180328,,,,,,,,,,,,,,,,
Intensive Agriculture Widespread,1900,27.04918033,,,,,,,,,,,,,,,,
Iran,-8000,,,Widespread,Minimal,None,Common,Absent,,,,,,,,,,
Iran,-6000,,,Minimal,Minimal,Minimal,Widespread,Absent,,,,,,,,,,
Iran,-4000,,,Minimal,Common,Common,Common,Absent,,,,,,,,,,
Iran,-2000,,,Minimal,Common,Common,Widespread,Present,,,,,,,,,,
Iran,-1000,,,Minimal,Common,Common,Widespread,Present,,,,,,,,,,
Iran,0,,,Minimal,Common,Common,Widespread,Present,-8000.0,-8000.0,-4000.0,1900.0,-8000.0,1900.0,-4000.0,1900.0,-2000.0,1900.0
Iran,1000,,,Minimal,Common,Common,Widespread,Present,,,,,,,,,,
Iran,1500,,,Minimal,Common,Widespread,Widespread,Present,,,,,,,,,,
Iran,1750,,,Minimal,Common,Common,Widespread,Present,,,,,,,,,,
Iran,1850,,,Minimal,Common,Common,Widespread,Present,,,,,,,,,,
Iraq,-8000,,,Widespread,Minimal,Minimal,Minimal,Absent,,,,,,,,,,
Iraq,-6000,,,Common,Minimal,Minimal,Common,Absent,,,,,,,,,,
Iraq,-4000,,,Minimal,Common,Common,Widespread,Present,,,,,,,,,,
Iraq,-2000,,,Minimal,Common,Widespread,Widespread,Present,,,,,,,,,,
Iraq,-1000,,,Minimal,Common,Widespread,Widespread,Present,,,,,,,,,,
Iraq,0,,,Minimal,Common,Widespread,Widespread,Present,-8000.0,-6000.0,-4000.0,0.0,-6000.0,1900.0,-4000.0,1900.0,-4000.0,1900.0
Iraq,1000,,,Minimal,Minimal,Widespread,Widespread,Present,,,,,,,,,,
Iraq,1500,,,Minimal,Minimal,Widespread,Widespread,Present,,,,,,,,,,
Iraq,1750,,,Minimal,Minimal,Widespread,Widespread,Present,,,,,,,,,,
Iraq,1850,,,Minimal,Minimal,Widespread,Widespread,Present,,,,,,,,,,
Israel,-8000,,,Widespread,Common,Minimal,Minimal,Absent,,,,,,,,,,
Israel,-6000,,,Common,Common,Common,Common,Absent,,,,,,,,,,
Israel,-4000,,,Minimal,Common,Common,Widespread,Present,,,,,,,,,,
Israel,-2000,,,Minimal,Common,Widespread,Widespread,Present,,,,,,,,,,
Israel,-1000,,,Minimal,Common,Widespread,Widespread,Present,,,,,,,,,,
Israel,0,,,Minimal,Common,Widespread,Widespread,Present,-8000.0,-6000.0,-8000.0,1900.0,-6000.0,1900.0,-6000.0,1900.0,-4000.0,1900.0
Israel,1000,,,Minimal,Common,Widespread,Widespread,Present,,,,,,,,,,
Israel,1500,,,Minimal,Common,Widespread,Widespread,Present,,,,,,,,,,
Israel,1750,,,Minimal,Common,Widespread,Widespread,Present,,,,,,,,,,
Israel,1850,,,Minimal,Common,Widespread,Widespread,Present,,,,,,,,,,
Jamaica,-8000,,,None,None,None,None,Absent,,,,,,,,,,
Jamaica,-6000,,,Minimal,None,None,None,Absent,,,,,,,,,,
Jamaica,-4000,,,Minimal,None,None,None,Absent,,,,,,,,,,
Jamaica,-2000,,,Common,Minimal,None,None,Absent,,,,,,,,,,
Jamaica,-1000,,,Common,Minimal,None,None,Absent,,,,,,,,,,
Jamaica,0,,,Widespread,Common,None,None,Absent,-2000.0,1900.0,0.0,1900.0,1900.0,1900.0,1800.0,1900.0,1800.0,1900.0
Jamaica,1000,,,Widespread,Common,None,None,Absent,,,,,,,,,,
Jamaica,1500,,,Widespread,Common,Minimal,None,Absent,,,,,,,,,,
Jamaica,1750,,,Common,Common,Widespread,Minimal,Present,,,,,,,,,,
Jamaica,1850,,,Common,Common,Widespread,Common,Present,,,,,,,,,,
Japan,-8000,,,Widespread,None,None,None,Absent,,,,,,,,,,
Japan,-6000,,,Widespread,Minimal,None,None,Absent,,,,,,,,,,
Japan,-4000,,,Widespread,Minimal,None,None,Absent,,,,,,,,,,
Japan,-2000,,,Widespread,Minimal,None,None,Absent,,,,,,,,,,
Japan,-1000,,,Widespread,Minimal,Minimal,None,Absent,,,,,,,,,,
Japan,0,,,Widespread,Common,Common,None,Present,,,,,,,,,,
Japan,1000,,,Common,Widespread,Widespread,None,Present,,,,,,,,,,
Japan,1500,,,Minimal,Common,Widespread,None,Present,,,,,,,,,,
Japan,1750,,,Minimal,Common,Widespread,None,Present,,,,,,,,,,
Japan,1850,,,Common,Common,Widespread,None,Present,,,,,,,,,,
Jordan,-8000,,,Widespread,Common,Minimal,Minimal,Absent,,,,,,,,,,
Jordan,-6000,,,Common,Common,Common,Common,Absent,,,,,,,,,,
Jordan,-4000,,,Minimal,Common,Common,Widespread,Present,,,,,,,,,,
Jordan,-2000,,,Minimal,Common,Widespread,Widespread,Present,,,,,,,,,,
Jordan,-1000,,,Minimal,Common,Widespread,Widespread,Present,,,,,,,,,,
Jordan,0,,,Minimal,Common,Widespread,Widespread,Present,-8000.0,-6000.0,-8000.0,1900.0,-6000.0,1900.0,-6000.0,1900.0,-4000.0,1900.0
Jordan,1000,,,Minimal,Common,Widespread,Widespread,Present,,,,,,,,,,
Jordan,1500,,,Minimal,Common,Widespread,Widespread,Present,,,,,,,,,,
Jordan,1750,,,Minimal,Common,Widespread,Widespread,Present,,,,,,,,,,
Jordan,1850,,,Minimal,Common,Widespread,Widespread,Present,,,,,,,,,,
Kazakhstan,-8000,,,Widespread,None,None,None,Absent,,,,,,,,,,
Kazakhstan,-6000,,,Widespread,None,None,None,Absent,,,,,,,,,,
Kazakhstan,-4000,,,Common,None,None,Common,Absent,,,,,,,,,,
Kazakhstan,-2000,,,Common,Minimal,Common,Widespread,Absent,,,,,,,,,,
Kazakhstan,-1000,,,Minimal,Common,Widespread,Widespread,Absent,,,,,,,,,,
Kazakhstan,0,,,Minimal,Widespread,Widespread,Widespread,Present,-8000.0,-2000.0,-1000.0,1900.0,-4000.0,1900.0,-2000.0,1900.0,0.0,1900.0
Kazakhstan,1000,,,Minimal,Widespread,Widespread,Widespread,Present,,,,,,,,,,
Kazakhstan,1500,,,Minimal,Widespread,Widespread,Widespread,Present,,,,,,,,,,
Kazakhstan,1750,,,Minimal,Widespread,Widespread,Widespread,Present,,,,,,,,,,
Kazakhstan,1850,,,Minimal,Widespread,Widespread,Widespread,Present,,,,,,,,,,
Kenya,-8000,,,Widespread,None,None,None,Absent,,,,,,,,,,
Kenya,-6000,,,Widespread,None,None,None,Absent,,,,,,,,,,
Kenya,-4000,,,Widespread,None,None,None,Absent,,,,,,,,,,
Kenya,-2000,,,Widespread,None,None,Common,Absent,,,,,,,,,,
Kenya,-1000,,,Widespread,None,None,Common,Absent,,,,,,,,,,
Kenya,0,,,Widespread,Minimal,None,Widespread,Absent,-8000.0,1900.0,1000.0,1900.0,-2000.0,1900.0,1550.0,1900.0,1000.0,1900.0
Kenya,1000,,,Common,Common,Minimal,Widespread,Present,,,,,,,,,,
Kenya,1500,,,Common,Widespread,Common,Widespread,Present,,,,,,,,,,
Kenya,1750,,,Common,Widespread,Common,Widespread,Present,,,,,,,,,,
Kenya,1850,,,Common,Widespread,Common,Widespread,Present,,,,,,,,,,
Kosovo,-8000,,,Widespread,None,None,None,Absent,,,,,,,,,,
Kosovo,-6000,,,Common,Common,None,Common,Absent,,,,,,,,,,
Kosovo,-4000,,,Common,Common,Minimal,Widespread,Absent,,,,,,,,,,
Kosovo,-2000,,,Minimal,Common,Common,Widespread,Present,,,,,,,,,,
Kosovo,-1000,,,Minimal,Common,Widespread,Widespread,Present,,,,,,,,,,
Kosovo,0,,,Minimal,Widespread,Widespread,Widespread,Present,-8000.0,-4000.0,-6000.0,1900.0,-6000.0,1900.0,-2000.0,1900.0,-2000.0,1900.0
Kosovo,1000,,,Minimal,Common,Widespread,Widespread,Present,,,,,,,,,,
Kosovo,1500,,,Minimal,Common,Widespread,Widespread,Present,,,,,,,,,,
Kosovo,1750,,,Minimal,Common,Widespread,Widespread,Present,,,,,,,,,,
Kosovo,1850,,,Minimal,Common,Widespread,Widespread,Present,,,,,,,,,,
Kyrgyzstan,-8000,,,Widespread,None,None,None,Absent,,,,,,,,,,
Kyrgyzstan,-6000,,,Widespread,None,None,None,Absent,,,,,,,,,,
Kyrgyzstan,-4000,,,Widespread,None,None,Minimal,Absent,,,,,,,,,,
Kyrgyzstan,-2000,,,Common,Widespread,Common,Widespread,Absent,,,,,,,,,,
Kyrgyzstan,-1000,,,Minimal,Widespread,Widespread,Widespread,Present,,,,,,,,,,
Kyrgyzstan,0,,,Minimal,Common,Widespread,Widespread,Present,-8000.0,-2000.0,-2000.0,1900.0,-2000.0,1900.0,-2000.0,1900.0,-1000.0,1900.0
Kyrgyzstan,1000,,,Minimal,Common,Widespread,Widespread,Present,,,,,,,,,,
Kyrgyzstan,1500,,,Minimal,Widespread,Widespread,Widespread,Present,,,,,,,,,,
Kyrgyzstan,1750,,,None,Widespread,Widespread,Widespread,Present,,,,,,,,,,
Kyrgyzstan,1850,,,None,Common,Widespread,Common,Present,,,,,,,,,,
Laos,-8000,,,Widespread,None,None,None,Absent,,,,,,,,,,
Laos,-6000,,,Widespread,None,None,None,Absent,,,,,,,,,,
Laos,-4000,,,Widespread,Minimal,None,None,Absent,,,,,,,,,,
Laos,-2000,,,Widespread,Common,None,None,Absent,,,,,,,,,,
Laos,-1000,,,Widespread,Common,None,None,Absent,,,,,,,,,,
Laos,0,,,Widespread,Widespread,Minimal,None,Absent,,,,,,,,,,
Laos,1000,,,Common,Widespread,Minimal,None,Present,,,,,,,,,,
Laos,1500,,,Common,Widespread,Common,None,Present,,,,,,,,,,
Laos,1750,,,Common,Widespread,Widespread,None,Present,,,,,,,,,,
Laos,1850,,,Common,Widespread,Widespread,Minimal,Present,,,,,,,,,,
Latvia,-8000,,,Minimal,None,None,None,Absent,,,,,,,,,,
Latvia,-6000,,,Widespread,None,None,None,Absent,,,,,,,,,,
Latvia,-4000,,,Widespread,Minimal,None,None,Absent,,,,,,,,,,
Latvia,-2000,,,Widespread,Minimal,Minimal,Minimal,Absent,,,,,,,,,,
Latvia,-1000,,,Widespread,Common,Minimal,Common,Absent,,,,,,,,,,
Latvia,0,,,Widespread,Common,Minimal,Common,Absent,-6000.0,1900.0,-1000.0,1900.0,-1000.0,1900.0,1000.0,1900.0,1000.0,1900.0
Latvia,1000,,,Common,Common,Common,Widespread,Present,,,,,,,,,,
Latvia,1500,,,Common,Common,Common,Widespread,Present,,,,,,,,,,
Latvia,1750,,,Common,Common,Common,Widespread,Present,,,,,,,,,,
Latvia,1850,,,Common,Common,Common,Widespread,Present,,,,,,,,,,
Lebanon,-8000,,,Widespread,Common,Minimal,Minimal,Absent,,,,,,,,,,
Lebanon,-6000,,,Common,Common,Common,Common,Absent,,,,,,,,,,
Lebanon,-4000,,,Minimal,Common,Common,Widespread,Present,,,,,,,,,,
Lebanon,-2000,,,Minimal,Common,Widespread,Widespread,Present,,,,,,,,,,
Lebanon,-1000,,,Minimal,Common,Widespread,Widespread,Present,,,,,,,,,,
Lebanon,0,,,Minimal,Common,Widespread,Widespread,Present,-8000.0,-6000.0,-8000.0,1900.0,-6000.0,1900.0,-6000.0,1900.0,-4000.0,1900.0
Lebanon,1000,,,Minimal,Common,Widespread,Widespread,Present,,,,,,,,,,
Lebanon,1500,,,Minimal,Common,Widespread,Widespread,Present,,,,,,,,,,
Lebanon,1750,,,Minimal,Common,Widespread,Widespread,Present,,,,,,,,,,
Lebanon,1850,,,Minimal,Common,Widespread,Widespread,Present,,,,,,,,,,
Liberia,-8000,,,Widespread,None,None,None,Absent,,,,,,,,,,
Liberia,-6000,,,Widespread,None,None,None,Absent,,,,,,,,,,
Liberia,-4000,,,Widespread,None,None,None,Absent,,,,,,,,,,
Liberia,-2000,,,Widespread,None,None,None,Absent,,,,,,,,,,
Liberia,-1000,,,Widespread,None,None,None,Absent,,,,,,,,,,
Liberia,0,,,Widespread,Widespread,None,None,Absent,,,,,,,,,,
Liberia,1000,,,Widespread,Common,Common,None,Present,,,,,,,,,,
Liberia,1500,,,Widespread,Minimal,Widespread,None,Present,,,,,,,,,,
Liberia,1750,,,Widespread,Common,Widespread,None,Present,,,,,,,,,,
Liberia,1850,,,Widespread,Common,Widespread,None,Present,,,,,,,,,,
Libya,-8000,,,Widespread,None,None,None,Absent,,,,,,,,,,
Libya,-6000,,,Widespread,None,None,Minimal,Absent,,,,,,,,,,
Libya,-4000,,,Widespread,Minimal,None,Common,Absent,,,,,,,,,,
Libya,-2000,,,Minimal,Common,Minimal,Common,Absent,,,,,,,,,,
Libya,-1000,,,Minimal,Common,Common,Minimal,Absent,,,,,,,,,,
Libya,0,,,Minimal,Common,Common,Minimal,Present,-8000.0,-4000.0,-2000.0,1900.0,-4000.0,-2000.0,-1000.0,1900.0,0.0,1900.0
Libya,1000,,,Minimal,Common,Widespread,Minimal,Present,,,,,,,,,,
Libya,1500,,,Minimal,Widespread,Widespread,Minimal,Present,,,,,,,,,,
Libya,1750,,,Minimal,Widespread,Widespread,Minimal,Present,,,,,,,,,,
Libya,1850,,,Minimal,Widespread,Widespread,Minimal,Present,,,,,,,,,,
Liechtenstein,-8000,,,Widespread,None,None,None,Absent,,,,,,,,,,
Liechtenstein,-6000,,,Widespread,None,None,Minimal,Absent,,,,,,,,,,
Liechtenstein,-4000,,,Common,Widespread,Common,Common,Absent,,,,,,,,,,
Liechtenstein,-2000,,,Minimal,Widespread,Widespread,Widespread,Absent,,,,,,,,,,
Liechtenstein,-1000,,,Minimal,Widespread,Widespread,Widespread,Absent,,,,,,,,,,
Liechtenstein,0,,,Minimal,Widespread,Widespread,Widespread,Present,-8000.0,-4000.0,-4000.0,1550.0,-4000.0,1900.0,-4000.0,1900.0,0.0,1900.0
Liechtenstein,1000,,,Minimal,Widespread,Widespread,Widespread,Present,,,,,,,,,,
Liechtenstein,1500,,,Minimal,Widespread,Widespread,Widespread,Present,,,,,,,,,,
Liechtenstein,1750,,,Minimal,Minimal,Widespread,Widespread,Present,,,,,,,,,,
Liechtenstein,1850,,,Minimal,Minimal,Widespread,Widespread,Present,,,,,,,,,,
Lithuania,-8000,,,Minimal,None,None,None,Absent,,,,,,,,,,
Lithuania,-6000,,,Widespread,None,None,None,Absent,,,,,,,,,,
Lithuania,-4000,,,Widespread,Minimal,None,None,Absent,,,,,,,,,,
Lithuania,-2000,,,Widespread,Minimal,Minimal,Minimal,Absent,,,,,,,,,,
Lithuania,-1000,,,Widespread,Common,Minimal,Common,Absent,,,,,,,,,,
Lithuania,0,,,Widespread,Common,Minimal,Common,Absent,-6000.0,1900.0,-1000.0,1900.0,-1000.0,1900.0,1000.0,1900.0,1000.0,1900.0
Lithuania,1000,,,Common,Common,Common,Widespread,Present,,,,,,,,,,
Lithuania,1500,,,Common,Common,Common,Widespread,Present,,,,,,,,,,
Lithuania,1750,,,Common,Common,Common,Widespread,Present,,,,,,,,,,
Lithuania,1850,,,Common,Common,Common,Widespread,Present,,,,,,,,,,
Luxembourg,-8000,,,Widespread,None,None,None,Absent,,,,,,,,,,
Luxembourg,-6000,,,Widespread,None,None,Minimal,Absent,,,,,,,,,,
Luxembourg,-4000,,,Common,Widespread,Common,Common,Absent,,,,,,,,,,
Luxembourg,-2000,,,Minimal,Widespread,Widespread,Widespread,Absent,,,,,,,,,,
Luxembourg,-1000,,,Minimal,Widespread,Widespread,Widespread,Absent,,,,,,,,,,
Luxembourg,0,,,Minimal,Widespread,Widespread,Widespread,Present,-8000.0,-4000.0,-4000.0,1550.0,-4000.0,1900.0,-4000.0,1900.0,0.0,1900.0
Luxembourg,1000,,,Minimal,Widespread,Widespread,Widespread,Present,,,,,,,,,,
Luxembourg,1500,,,Minimal,Widespread,Widespread,Widespread,Present,,,,,,,,,,
Luxembourg,1750,,,Minimal,Minimal,Widespread,Widespread,Present,,,,,,,,,,
Luxembourg,1850,,,Minimal,Minimal,Widespread,Widespread,Present,,,,,,,,,,
Madagascar,-8000,,,None,None,None,None,Absent,,,,,,,,,,
Madagascar,-6000,,,None,None,None,None,Absent,,,,,,,,,,
Madagascar,-4000,,,None,None,None,None,Absent,,,,,,,,,,
Madagascar,-2000,,,Minimal,None,None,None,Absent,,,,,,,,,,
Madagascar,-1000,,,Minimal,None,None,None,Absent,,,,,,,,,,
Madagascar,0,,,Minimal,None,None,None,Absent,1000.0,1900.0,1000.0,1900.0,1550.0,1900.0,1550.0,1900.0,1000.0,1900.0
Madagascar,1000,,,Common,Common,Minimal,Minimal,Present,,,,,,,,,,
Madagascar,1500,,,Widespread,Common,Common,Common,Present,,,,,,,,,,
Madagascar,1750,,,Widespread,Widespread,Widespread,Widespread,Present,,,,,,,,,,
Madagascar,1850,,,Widespread,Widespread,Widespread,Widespread,Present,,,,,,,,,,
Malawi,-8000,,,Widespread,None,None,None,Absent,,,,,,,,,,
Malawi,-6000,,,Widespread,None,None,None,Absent,,,,,,,,,,
Malawi,-4000,,,Widespread,None,None,None,Absent,,,,,,,,,,
Malawi,-2000,,,Widespread,None,None,None,Absent,,,,,,,,,,
Malawi,-1000,,,Widespread,None,None,None,Absent,,,,,,,,,,
Malawi,0,,,Widespread,Minimal,None,Minimal,Absent,-8000.0,1900.0,1000.0,1900.0,1000.0,1900.0,1900.0,1900.0,1000.0,1900.0
Malawi,1000,,,Widespread,Common,Minimal,Common,Present,,,,,,,,,,
Malawi,1500,,,Widespread,Widespread,Minimal,Common,Present,,,,,,,,,,
Malawi,1750,,,Common,Widespread,Minimal,Common,Present,,,,,,,,,,
Malawi,1850,,,Common,Widespread,Common,Common,Present,,,,,,,,,,
Malaysia,-8000,,,Common,None,None,None,Absent,,,,,,,,,,
Malaysia,-6000,,,Common,None,None,None,Absent,,,,,,,,,,
Malaysia,-4000,,,Common,None,None,None,Absent,,,,,,,,,,
Malaysia,-2000,,,Common,None,None,None,Absent,,,,,,,,,,
Malaysia,-1000,,,Common,None,None,None,Absent,,,,,,,,,,
Malaysia,0,,,Common,None,None,None,Absent,,,,,,,,,,
Malaysia,1000,,,Common,Minimal,None,None,Present,,,,,,,,,,
Malaysia,1500,,,Common,Minimal,None,None,Present,,,,,,,,,,
Malaysia,1750,,,Minimal,Common,Common,None,Present,,,,,,,,,,
Malaysia,1850,,,Minimal,Common,Common,None,Present,,,,,,,,,,
Mali,-8000,,,Widespread,None,None,None,Absent,,,,,,,,,,
Mali,-6000,,,Widespread,None,None,Minimal,Absent,,,,,,,,,,
Mali,-4000,,,Widespread,None,None,Common,Absent,,,,,,,,,,
Mali,-2000,,,Widespread,Minimal,None,Widespread,Absent,,,,,,,,,,
Mali,-1000,,,Widespread,Widespread,None,Widespread,Absent,,,,,,,,,,
Mali,0,,,Common,Widespread,Common,Widespread,Present,-8000.0,1900.0,-1000.0,1900.0,-4000.0,1900.0,0.0,1900.0,0.0,1900.0
Mali,1000,,,Common,Widespread,Widespread,Widespread,Present,,,,,,,,,,
Mali,1500,,,Common,Widespread,Widespread,Widespread,Present,,,,,,,,,,
Mali,1750,,,Common,Widespread,Widespread,Widespread,Present,,,,,,,,,,
Mali,1850,,,Common,Widespread,Widespread,Widespread,Present,,,,,,,,,,
Mauritania,-8000,,,Widespread,None,None,None,Absent,,,,,,,,,,
Mauritania,-6000,,,Widespread,None,None,None,Absent,,,,,,,,,,
Mauritania,-4000,,,Widespread,None,None,None,Absent,,,,,,,,,,
Mauritania,-2000,,,Common,Minimal,None,Widespread,Absent,,,,,,,,,,
Mauritania,-1000,,,Common,Common,None,Widespread,Absent,,,,,,,,,,
Mauritania,0,,,Common,Common,None,Widespread,Absent,-8000.0,0.0,-1000.0,0.0,-2000.0,1900.0,1000.0,1900.0,1550.0,1900.0
Mauritania,1000,,,Minimal,Minimal,Common,Widespread,Split,,,,,,,,,,
Mauritania,1500,,,Minimal,None,Common,Widespread,Present,,,,,,,,,,
Mauritania,1750,,,Minimal,None,Common,Widespread,Present,,,,,,,,,,
Mauritania,1850,,,Minimal,None,Common,Widespread,Present,,,,,,,,,,
Melanesia,-8000,,,Common,None,None,None,Absent,,,,,,,,,,
Melanesia,-6000,,,Common,None,None,None,Absent,,,,,,,,,,
Melanesia,-4000,,,Common,None,None,None,Absent,,,,,,,,,,
Melanesia,-2000,,,Common,Minimal,None,None,Absent,,,,,,,,,,
Melanesia,-1000,,,Widespread,Common,Minimal,None,Absent,,,,,,,,,,
Melanesia,0,,,Widespread,Widespread,Common,None,Absent,,,,,,,,,,
Melanesia,1000,,,Widespread,Widespread,Common,None,Absent,,,,,,,,,,
Melanesia,1500,,,Widespread,Widespread,Common,None,Absent,,,,,,,,,,
Melanesia,1750,,,Widespread,Widespread,Common,None,Split,,,,,,,,,,
Melanesia,1850,,,Widespread,Widespread,Widespread,Minimal,Present,,,,,,,,,,
Mexico,-8000,,,Minimal,None,None,None,Absent,,,,,,,,,,
Mexico,-6000,,,Common,None,None,None,Absent,,,,,,,,,,
Mexico,-4000,,,Widespread,Minimal,None,None,Absent,,,,,,,,,,
Mexico,-2000,,,Widespread,Common,None,None,Absent,,,,,,,,,,
Mexico,-1000,,,Common,Common,None,None,Absent,,,,,,,,,,
Mexico,0,,,Widespread,Common,Minimal,None,Absent,-6000.0,1800.0,-2000.0,1900.0,1800.0,1900.0,1000.0,1900.0,1000.0,1900.0
Mexico,1000,,,Widespread,Common,Common,None,Present,,,,,,,,,,
Mexico,1500,,,Widespread,Common,Common,None,Present,,,,,,,,,,
Mexico,1750,,,Common,Common,Common,Common,Absent,,,,,,,,,,
Mexico,1850,,,Minimal,Common,Widespread,Widespread,Present,,,,,,,,,,
Micronesia,-8000,,,None,None,None,None,Absent,,,,,,,,,,
Micronesia,-6000,,,None,None,None,None,Absent,,,,,,,,,,
Micronesia,-4000,,,None,None,None,None,Absent,,,,,,,,,,
Micronesia,-2000,,,None,None,None,None,Absent,,,,,,,,,,
Micronesia,-1000,,,Common,Minimal,None,None,Absent,,,,,,,,,,
Micronesia,0,,,Common,Common,Minimal,None,Absent,,,,,,,,,,
Micronesia,1000,,,Widespread,Common,Minimal,None,Absent,,,,,,,,,,
Micronesia,1500,,,Widespread,Common,Common,None,Absent,,,,,,,,,,
Micronesia,1750,,,Widespread,Widespread,Common,None,Absent,,,,,,,,,,
Micronesia,1850,,,Widespread,Common,Common,None,Absent,,,,,,,,,,
Moldova,-8000,,,Widespread,None,None,None,Absent,,,,,,,,,,
Moldova,-6000,,,Widespread,Common,Minimal,Common,Absent,,,,,,,,,,
Moldova,-4000,,,Minimal,Minimal,Widespread,Widespread,Absent,,,,,,,,,,
Moldova,-2000,,,Minimal,Minimal,Widespread,Widespread,Absent,,,,,,,,,,
Moldova,-1000,,,Minimal,Minimal,Widespread,Widespread,Absent,,,,,,,,,,
Moldova,0,,,Common,Minimal,Widespread,Widespread,Present,-8000.0,1000.0,-6000.0,1000.0,-6000.0,1900.0,-4000.0,1900.0,0.0,1900.0
Moldova,1000,,,Common,Common,Widespread,Common,Present,,,,,,,,,,
Moldova,1500,,,Minimal,Minimal,Widespread,Widespread,Present,,,,,,,,,,
Moldova,1750,,,Minimal,Minimal,Widespread,Widespread,Present,,,,,,,,,,
Moldova,1850,,,Minimal,Minimal,Widespread,Widespread,Present,,,,,,,,,,
Mongolia,-8000,,,Widespread,None,None,None,Absent,,,,,,,,,,
Mongolia,-6000,,,Widespread,Minimal,None,None,Absent,,,,,,,,,,
Mongolia,-4000,,,Widespread,None,None,Minimal,Absent,,,,,,,,,,
Mongolia,-2000,,,Widespread,Minimal,None,Common,Absent,,,,,,,,,,
Mongolia,-1000,,,Widespread,Minimal,None,Widespread,Absent,,,,,,,,,,
Mongolia,0,,,Common,Minimal,Minimal,Widespread,Present,-8000.0,1900.0,1000.0,1900.0,-2000.0,1900.0,1000.0,1900.0,0.0,1900.0
Mongolia,1000,,,Common,Common,Common,Widespread,Present,,,,,,,,,,
Mongolia,1500,,,Common,Minimal,Common,Widespread,Present,,,,,,,,,,
Mongolia,1750,,,Common,Common,Common,Widespread,Present,,,,,,,,,,
Mongolia,1850,,,Common,Common,Common,Widespread,Present,,,,,,,,,,
Montenegro,-8000,,,Widespread,None,None,None,Absent,,,,,,,,,,
Montenegro,-6000,,,Common,Common,None,Common,Absent,,,,,,,,,,
Montenegro,-4000,,,Common,Common,Minimal,Widespread,Absent,,,,,,,,,,
Montenegro,-2000,,,Minimal,Common,Common,Widespread,Present,,,,,,,,,,
Montenegro,-1000,,,Minimal,Common,Widespread,Widespread,Present,,,,,,,,,,
Montenegro,0,,,Minimal,Widespread,Widespread,Widespread,Present,-8000.0,-4000.0,-6000.0,1900.0,-6000.0,1900.0,-2000.0,1900.0,-2000.0,1900.0
Montenegro,1000,,,Minimal,Common,Widespread,Widespread,Present,,,,,,,,,,
Montenegro,1500,,,Minimal,Common,Widespread,Widespread,Present,,,,,,,,,,
Montenegro,1750,,,Minimal,Common,Widespread,Widespread,Present,,,,,,,,,,
Montenegro,1850,,,Minimal,Common,Widespread,Widespread,Present,,,,,,,,,,
Morocco,-8000,,,Minimal,None,None,None,Absent,,,,,,,,,,
Morocco,-6000,,,Minimal,None,None,None,Absent,,,,,,,,,,
Morocco,-4000,,,Minimal,Minimal,None,Minimal,Absent,,,,,,,,,,
Morocco,-2000,,,Minimal,Minimal,None,Common,Absent,,,,,,,,,,
Morocco,-1000,,,Minimal,Minimal,None,Minimal,Absent,,,,,,,,,,
Morocco,0,,,Minimal,Common,Minimal,Common,Present,,,,,,,,,,
Morocco,1000,,,Minimal,Common,Common,Common,Present,,,,,,,,,,
Morocco,1500,,,Minimal,Common,Common,Common,Present,,,,,,,,,,
Morocco,1750,,,Minimal,Common,Common,Minimal,Present,,,,,,,,,,
Morocco,1850,,,Minimal,Common,Common,Minimal,Present,,,,,,,,,,
Mozambique,-8000,,,Widespread,None,None,None,Absent,,,,,,,,,,
Mozambique,-6000,,,Widespread,None,None,None,Absent,,,,,,,,,,
Mozambique,-4000,,,Widespread,None,None,None,Absent,,,,,,,,,,
Mozambique,-2000,,,Widespread,None,None,None,Absent,,,,,,,,,,
Mozambique,-1000,,,Widespread,None,None,None,Absent,,,,,,,,,,
Mozambique,0,,,Widespread,Minimal,None,Minimal,Absent,-8000.0,1900.0,1000.0,1900.0,1000.0,1900.0,1900.0,1900.0,1000.0,1900.0
Mozambique,1000,,,Widespread,Common,Minimal,Common,Present,,,,,,,,,,
Mozambique,1500,,,Widespread,Widespread,Minimal,Common,Present,,,,,,,,,,
Mozambique,1750,,,Common,Widespread,Minimal,Common,Present,,,,,,,,,,
Mozambique,1850,,,Common,Widespread,Common,Common,Present,,,,,,,,,,
Myanmar,-8000,,,Common,None,None,None,Absent,,,,,,,,,,
Myanmar,-6000,,,Common,None,None,None,Absent,,,,,,,,,,
Myanmar,-4000,,,Common,None,None,None,Absent,,,,,,,,,,
Myanmar,-2000,,,Common,Minimal,None,None,Absent,,,,,,,,,,
Myanmar,-1000,,,Common,Common,None,None,Absent,,,,,,,,,,
Myanmar,0,,,Common,Common,None,None,Absent,,,,,,,,,,
Myanmar,1000,,,Common,Common,Common,Minimal,Present,,,,,,,,,,
Myanmar,1500,,,Common,Widespread,Common,Minimal,Present,,,,,,,,,,
Myanmar,1750,,,Common,Widespread,Widespread,Minimal,Present,,,,,,,,,,
Myanmar,1850,,,Common,Widespread,Widespread,Minimal,Present,,,,,,,,,,
Namibia,-8000,,,Widespread,None,None,None,Absent,,,,,,,,,,
Namibia,-6000,,,Widespread,None,None,None,Absent,,,,,,,,,,
Namibia,-4000,,,Widespread,None,None,None,Absent,,,,,,,,,,
Namibia,-2000,,,Widespread,None,None,None,Absent,,,,,,,,,,
Namibia,-1000,,,Widespread,None,None,None,Absent,,,,,,,,,,
Namibia,0,,,Widespread,Minimal,None,Minimal,Absent,,,,,,,,,,
Namibia,1000,,,Widespread,Minimal,None,Common,Absent,,,,,,,,,,
Namibia,1500,,,Widespread,Minimal,None,Common,Absent,,,,,,,,,,
Namibia,1750,,,Widespread,Minimal,Minimal,Common,Present,,,,,,,,,,
Namibia,1850,,,Widespread,Minimal,Minimal,Common,Present,,,,,,,,,,
Nepal,-8000,,,Common,None,None,None,Absent,,,,,,,,,,
Nepal,-6000,,,Minimal,None,None,None,Absent,,,,,,,,,,
Nepal,-4000,,,Common,Minimal,None,None,Absent,,,,,,,,,,
Nepal,-2000,,,Common,Minimal,Minimal,Common,Absent,,,,,,,,,,
Nepal,-1000,,,Common,Common,Common,Common,Absent,,,,,,,,,,
Nepal,0,,,Common,Common,Common,Common,Present,-8000.0,1800.0,-1000.0,1900.0,-2000.0,1900.0,-1000.0,1900.0,0.0,1900.0
Nepal,1000,,,Common,Common,Common,Common,Present,,,,,,,,,,
Nepal,1500,,,Common,Common,Common,Common,Present,,,,,,,,,,
Nepal,1750,,,Common,Common,Common,Widespread,Present,,,,,,,,,,
Nepal,1850,,,Minimal,Common,Common,Widespread,Present,,,,,,,,,,
Netherlands,-8000,,,Widespread,None,None,None,Absent,,,,,,,,,,
Netherlands,-6000,,,Widespread,None,None,Minimal,Absent,,,,,,,,,,
Netherlands,-4000,,,Common,Widespread,Common,Common,Absent,,,,,,,,,,
Netherlands,-2000,,,Minimal,Widespread,Widespread,Widespread,Absent,,,,,,,,,,
Netherlands,-1000,,,Minimal,Widespread,Widespread,Widespread,Absent,,,,,,,,,,
Netherlands,0,,,Minimal,Widespread,Widespread,Widespread,Present,-8000.0,-4000.0,-4000.0,1550.0,-4000.0,1900.0,-4000.0,1900.0,0.0,1900.0
Netherlands,1000,,,Minimal,Widespread,Widespread,Widespread,Present,,,,,,,,,,
Netherlands,1500,,,Minimal,Widespread,Widespread,Widespread,Present,,,,,,,,,,
Netherlands,1750,,,Minimal,Minimal,Widespread,Widespread,Present,,,,,,,,,,
Netherlands,1850,,,Minimal,Minimal,Widespread,Widespread,Present,,,,,,,,,,
New Zealand,-8000,,,None,None,None,None,Absent,,,,,,,,,,
New Zealand,-6000,,,None,None,None,None,Absent,,,,,,,,,,
New Zealand,-4000,,,None,None,None,None,Absent,,,,,,,,,,
New Zealand,-2000,,,None,None,None,None,Absent,,,,,,,,,,
New Zealand,-1000,,,None,None,None,None,Absent,,,,,,,,,,
New Zealand,0,,,None,None,None,None,Absent,,,,,,,,,,
New Zealand,1000,,,None,None,None,None,Absent,,,,,,,,,,
New Zealand,1500,,,Common,Common,Common,None,Absent,,,,,,,,,,
New Zealand,1750,,,Common,Common,Common,None,Absent,,,,,,,,,,
New Zealand,1850,,,Common,Common,Common,Minimal,Present,,,,,,,,,,
Nicaragua,-8000,,,Common,None,None,None,Absent,,,,,,,,,,
Nicaragua,-6000,,,Widespread,Minimal,None,None,Absent,,,,,,,,,,
Nicaragua,-4000,,,Widespread,Minimal,None,None,Absent,,,,,,,,,,
Nicaragua,-2000,,,Common,Common,None,None,Absent,,,,,,,,,,
Nicaragua,-1000,,,Widespread,Common,None,None,Absent,,,,,,,,,,
Nicaragua,0,,,Widespread,Widespread,Minimal,None,Absent,-8000.0,1900.0,-2000.0,1900.0,1800.0,1900.0,1000.0,1900.0,1000.0,1900.0
Nicaragua,1000,,,Widespread,Widespread,Common,None,Present,,,,,,,,,,
Nicaragua,1500,,,Widespread,Widespread,Minimal,None,Present,,,,,,,,,,
Nicaragua,1750,,,Widespread,Widespread,Common,Common,Present,,,,,,,,,,
Nicaragua,1850,,,Common,Widespread,Widespread,Common,Present,,,,,,,,,,
Niger,-8000,,,Widespread,None,None,None,Absent,,,,,,,,,,
Niger,-6000,,,Widespread,None,None,None,Absent,,,,,,,,,,
Niger,-4000,,,Common,None,None,Minimal,Absent,,,,,,,,,,
Niger,-2000,,,Common,None,None,Common,Absent,,,,,,,,,,
Niger,-1000,,,Common,Common,None,Common,Absent,,,,,,,,,,
Niger,0,,,Common,Common,Minimal,Widespread,Split,-8000.0,0.0,-1000.0,0.0,-2000.0,1900.0,1000.0,1000.0,1550.0,1900.0
Niger,1000,,,Minimal,None,Common,Widespread,Split,,,,,,,,,,
Niger,1500,,,Minimal,None,Minimal,Common,Present,,,,,,,,,,
Niger,1750,,,Minimal,None,Minimal,Common,Present,,,,,,,,,,
Niger,1850,,,Minimal,None,Minimal,Common,Present,,,,,,,,,,
Nigeria,-8000,,,Widespread,None,None,None,Absent,,,,,,,,,,
Nigeria,-6000,,,Widespread,None,None,None,Absent,,,,,,,,,,
Nigeria,-4000,,,Widespread,None,None,None,Absent,,,,,,,,,,
Nigeria,-2000,,,Widespread,None,None,None,Absent,,,,,,,,,,
Nigeria,-1000,,,Common,Common,None,Common,Absent,,,,,,,,,,
Nigeria,0,,,Common,Widespread,None,Common,Split,,,,,,,,,,
Nigeria,1000,,,Common,Common,None,Common,Present,,,,,,,,,,
Nigeria,1500,,,Minimal,Common,Minimal,Common,Present,,,,,,,,,,
Nigeria,1750,,,Minimal,Common,Minimal,Common,Present,,,,,,,,,,
Nigeria,1850,,,Minimal,Common,Minimal,Common,Present,,,,,,,,,,
North Korea,-8000,,,Widespread,None,None,None,Absent,,,,,,,,,,
North Korea,-6000,,,Widespread,Minimal,None,None,Absent,,,,,,,,,,
North Korea,-4000,,,Widespread,Minimal,None,None,Absent,,,,,,,,,,
North Korea,-2000,,,Widespread,Minimal,None,None,Absent,,,,,,,,,,
North Korea,-1000,,,Widespread,Widespread,Minimal,None,Absent,,,,,,,,,,
North Korea,0,,,Common,Common,Widespread,Minimal,Present,-8000.0,0.0,-1000.0,1800.0,1000.0,1900.0,0.0,1900.0,0.0,1900.0
North Korea,1000,,,Minimal,Common,Widespread,Common,Present,,,,,,,,,,
North Korea,1500,,,Minimal,Common,Widespread,Common,Present,,,,,,,,,,
North Korea,1750,,,Minimal,Common,Widespread,Common,Present,,,,,,,,,,
North Korea,1850,,,Minimal,Minimal,Widespread,Common,Present,,,,,,,,,,
North Macedonia,-8000,,,Widespread,None,None,None,Absent,,,,,,,,,,
North Macedonia,-6000,,,Common,Common,None,Common,Absent,,,,,,,,,,
North Macedonia,-4000,,,Common,Common,Minimal,Widespread,Absent,,,,,,,,,,
North Macedonia,-2000,,,Minimal,Common,Common,Widespread,Present,,,,,,,,,,
North Macedonia,-1000,,,Minimal,Common,Widespread,Widespread,Present,,,,,,,,,,
North Macedonia,0,,,Minimal,Widespread,Widespread,Widespread,Present,-8000.0,-4000.0,-6000.0,1900.0,-6000.0,1900.0,-2000.0,1900.0,-2000.0,1900.0
North Macedonia,1000,,,Minimal,Common,Widespread,Widespread,Present,,,,,,,,,,
North Macedonia,1500,,,Minimal,Common,Widespread,Widespread,Present,,,,,,,,,,
North Macedonia,1750,,,Minimal,Common,Widespread,Widespread,Present,,,,,,,,,,
North Macedonia,1850,,,Minimal,Common,Widespread,Widespread,Present,,,,,,,,,,
Oman,-8000,,,Widespread,None,None,None,Absent,,,,,,,,,,
Oman,-6000,,,Widespread,None,None,None,Absent,,,,,,,,,,
Oman,-4000,,,Common,None,None,Common,Absent,,,,,,,,,,
Oman,-2000,,,Common,Minimal,None,Common,Absent,,,,,,,,,,
Oman,-1000,,,Minimal,Minimal,Common,Common,Absent,,,,,,,,,,
Oman,0,,,Minimal,Minimal,Common,Common,Absent,,,,,,,,,,
Oman,1000,,,Minimal,None,Common,Common,Present,,,,,,,,,,
Oman,1500,,,None,None,Common,Common,Present,,,,,,,,,,
Oman,1750,,,Minimal,Minimal,Common,Common,Present,,,,,,,,,,
Oman,1850,,,Minimal,Minimal,Common,Common,Present,,,,,,,,,,
Pakistan,-8000,,,Minimal,None,None,Minimal,Absent,,,,,,,,,,
Pakistan,-6000,,,Minimal,Minimal,Minimal,Common,Split,,,,,,,,,,
Pakistan,-4000,,,Minimal,Minimal,Widespread,Common,Present,,,,,,,,,,
Pakistan,-2000,,,Minimal,Common,Minimal,Widespread,Present,,,,,,,,,,
Pakistan,-1000,,,Minimal,Common,Minimal,Common,Present,,,,,,,,,,
Pakistan,0,,,None,Minimal,Widespread,Common,Present,,,,,,,,,,
Pakistan,1000,,,None,Minimal,Widespread,Minimal,Present,,,,,,,,,,
Pakistan,1500,,,None,Minimal,Widespread,Minimal,Present,,,,,,,,,,
Pakistan,1750,,,None,Minimal,Widespread,Minimal,Present,,,,,,,,,,
Pakistan,1850,,,None,Minimal,Widespread,Minimal,Present,,,,,,,,,,
Palestine,-8000,,,Widespread,Common,Minimal,Minimal,Absent,,,,,,,,,,
Palestine,-6000,,,Common,Common,Common,Common,Absent,,,,,,,,,,
Palestine,-4000,,,Minimal,Common,Common,Widespread,Present,,,,,,,,,,
Palestine,-2000,,,Minimal,Common,Widespread,Widespread,Present,,,,,,,,,,
Palestine,-1000,,,Minimal,Common,Widespread,Widespread,Present,,,,,,,,,,
Palestine,0,,,Minimal,Common,Widespread,Widespread,Present,-8000.0,-6000.0,-8000.0,1900.0,-6000.0,1900.0,-6000.0,1900.0,-4000.0,1900.0
Palestine,1000,,,Minimal,Common,Widespread,Widespread,Present,,,,,,,,,,
Palestine,1500,,,Minimal,Common,Widespread,Widespread,Present,,,,,,,,,,
Palestine,1750,,,Minimal,Common,Widespread,Widespread,Present,,,,,,,,,,
Palestine,1850,,,Minimal,Common,Widespread,Widespread,Present,,,,,,,,,,
Panama,-8000,,,Common,None,None,None,Absent,,,,,,,,,,
Panama,-6000,,,Widespread,Minimal,None,None,Absent,,,,,,,,,,
Panama,-4000,,,Widespread,Minimal,None,None,Absent,,,,,,,,,,
Panama,-2000,,,Common,Common,None,None,Absent,,,,,,,,,,
Panama,-1000,,,Widespread,Common,None,None,Absent,,,,,,,,,,
Panama,0,,,Widespread,Widespread,Minimal,None,Absent,-8000.0,1900.0,-2000.0,1900.0,1800.0,1900.0,1000.0,1900.0,1000.0,1900.0
Panama,1000,,,Widespread,Widespread,Common,None,Present,,,,,,,,,,
Panama,1500,,,Widespread,Widespread,Minimal,None,Present,,,,,,,,,,
Panama,1750,,,Widespread,Widespread,Common,Common,Present,,,,,,,,,,
Panama,1850,,,Common,Widespread,Widespread,Common,Present,,,,,,,,,,
Papua New Guinea,-8000,,,Widespread,None,None,None,Absent,,,,,,,,,,
Papua New Guinea,-6000,,,Widespread,Minimal,None,None,Absent,,,,,,,,,,
Papua New Guinea,-4000,,,Widespread,Minimal,Minimal,None,Absent,,,,,,,,,,
Papua New Guinea,-2000,,,Widespread,Common,Minimal,None,Absent,,,,,,,,,,
Papua New Guinea,-1000,,,Widespread,Common,Common,None,Absent,,,,,,,,,,
Papua New Guinea,0,,,Widespread,Common,Common,None,Absent,,,,,,,,,,
Papua New Guinea,1000,,,Widespread,Common,Common,None,Absent,,,,,,,,,,
Papua New Guinea,1500,,,Widespread,Common,Common,None,Absent,,,,,,,,,,
Papua New Guinea,1750,,,Widespread,Widespread,Common,None,Absent,,,,,,,,,,
Papua New Guinea,1850,,,Widespread,Widespread,Common,None,Absent,,,,,,,,,,
Pastoralism,-8000,,0.000394989,,,,,,,,,,,,,,,
Pastoralism,-7901,,0.000461821,,,,,,,,,,,,,,,
Pastoralism,-7801,,0.000539945,,,,,,,,,,,,,,,
Pastoralism,-7702,,0.000631253,,,,,,,,,,,,,,,
Pastoralism,-7602,,0.000737948,,,,,,,,,,,,,,,
Pastoralism,-7503,,0.0008625960000000001,,,,,,,,,,,,,,,
Pastoralism,-7403,,0.001008183,,,,,,,,,,,,,,,
Pastoralism,-7304,,0.001178179,,,,,,,,,,,,,,,
Pastoralism,-7204,,0.0013766179999999998,,,,,,,,,,,,,,,
Pastoralism,-7105,,0.0016081829999999998,,,,,,,,,,,,,,,
Pastoralism,-7005,,0.001878308,,,,,,,,,,,,,,,
Pastoralism,-6906,,0.002193293,,,,,,,,,,,,,,,
Pastoralism,-6806,,0.002560434,,,,,,,,,,,,,,,
Pastoralism,-6707,,0.0029881720000000003,,,,,,,,,,,,,,,
Pastoralism,-6607,,0.003486263,,,,,,,,,,,,,,,
Pastoralism,-6508,,0.00406597,,,,,,,,,,,,,,,
Pastoralism,-6408,,0.004740278,,,,,,,,,,,,,,,
Pastoralism,-6309,,0.0055241330000000005,,,,,,,,,,,,,,,
Pastoralism,-6209,,0.006434716,,,,,,,,,,,,,,,
Pastoralism,-6110,,0.007491736999999999,,,,,,,,,,,,,,,
Pastoralism,-6010,,0.008717767,,,,,,,,,,,,,,,
Pastoralism,-5911,,0.010138457,,,,,,,,,,,,,,,
Pastoralism,-5811,,0.01178209,,,,,,,,,,,,,,,
Pastoralism,-5712,,0.013679938,,,,,,,,,,,,,,,
Pastoralism,-5612,,0.015866572,,,,,,,,,,,,,,,
Pastoralism,-5513,,0.018379906,,,,,,,,,,,,,,,
Pastoralism,-5413,,0.021261161,,,,,,,,,,,,,,,
Pastoralism,-5314,,0.024554705,,,,,,,,,,,,,,,
Pastoralism,-5214,,0.028307741,,,,,,,,,,,,,,,
Pastoralism,-5115,,0.032569831,,,,,,,,,,,,,,,
Pastoralism,-5015,,0.037392207999999996,,,,,,,,,,,,,,,
Pastoralism,-4916,,0.042826864000000006,,,,,,,,,,,,,,,
Pastoralism,-4816,,0.048925387,,,,,,,,,,,,,,,
Pastoralism,-4717,,0.055737555,,,,,,,,,,,,,,,
Pastoralism,-4617,,0.06330967,,,,,,,,,,,,,,,
Pastoralism,-4518,,0.07168269099999999,,,,,,,,,,,,,,,
Pastoralism,-4418,,0.080890187,,,,,,,,,,,,,,,
Pastoralism,-4319,,0.090956193,,,,,,,,,,,,,,,
Pastoralism,-4219,,0.101893082,,,,,,,,,,,,,,,
Pastoralism,-4120,,0.113699538,,,,,,,,,,,,,,,
Pastoralism,-4020,,0.1263588,,,,,,,,,,,,,,,
Pastoralism,-3921,,0.139840525,,,,,,,,,,,,,,,
Pastoralism,-3821,,0.154124025,,,,,,,,,,,,,,,
Pastoralism,-3722,,0.169192777,,,,,,,,,,,,,,,
Pastoralism,-3622,,0.185025784,,,,,,,,,,,,,,,
Pastoralism,-3523,,0.201598052,,,,,,,,,,,,,,,
Pastoralism,-3423,,0.218881149,,,,,,,,,,,,,,,
Pastoralism,-3324,,0.23684376,,,,,,,,,,,,,,,
Pastoralism,-3224,,0.25545221100000004,,,,,,,,,,,,,,,
Pastoralism,-3125,,0.274670946,,,,,,,,,,,,,,,
Pastoralism,-3025,,0.29446292399999996,,,,,,,,,,,,,,,
Pastoralism,-2926,,0.31478992699999997,,,,,,,,,,,,,,,
Pastoralism,-2826,,0.33561275799999996,,,,,,,,,,,,,,,
Pastoralism,-2727,,0.356891345,,,,,,,,,,,,,,,
Pastoralism,-2627,,0.378584714,,,,,,,,,,,,,,,
Pastoralism,-2528,,0.40065088,,,,,,,,,,,,,,,
Pastoralism,-2428,,0.42304663299999995,,,,,,,,,,,,,,,
Pastoralism,-2329,,0.445727246,,,,,,,,,,,,,,,
Pastoralism,-2229,,0.468646138,,,,,,,,,,,,,,,
Pastoralism,-2130,,0.49175449200000004,,,,,,,,,,,,,,,
Pastoralism,-2030,,0.5150008779999999,,,,,,,,,,,,,,,
Pastoralism,-1931,,0.538323992,,,,,,,,,,,,,,,
Pastoralism,-1831,,0.56158778,,,,,,,,,,,,,,,
Pastoralism,-1732,,0.584614971,,,,,,,,,,,,,,,
Pastoralism,-1632,,0.60723503,,,,,,,,,,,,,,,
Pastoralism,-1533,,0.629289336,,,,,,,,,,,,,,,
Pastoralism,-1433,,0.6506350479999999,,,,,,,,,,,,,,,
Pastoralism,-1334,,0.6711480470000001,,,,,,,,,,,,,,,
Pastoralism,-1234,,0.69072483,,,,,,,,,,,,,,,
Pastoralism,-1135,,0.709283322,,,,,,,,,,,,,,,
Pastoralism,-1035,,0.7267626909999999,,,,,,,,,,,,,,,
Pastoralism,-936,,0.7431246979999999,,,,,,,,,,,,,,,
Pastoralism,-836,,0.758378379,,,,,,,,,,,,,,,
Pastoralism,-737,,0.772562943,,,,,,,,,,,,,,,
Pastoralism,-637,,0.785723565,,,,,,,,,,,,,,,
Pastoralism,-538,,0.797909167,,,,,,,,,,,,,,,
Pastoralism,-438,,0.8091708809999999,,,,,,,,,,,,,,,
Pastoralism,-339,,0.8195607640000001,,,,,,,,,,,,,,,
Pastoralism,-239,,0.829130748,,,,,,,,,,,,,,,
Pastoralism,-140,,0.837931815,,,,,,,,,,,,,,,
Pastoralism,-40,,0.846013345,,,,,,,,,,,,,,,
Pastoralism,59,,0.853424119,,,,,,,,,,,,,,,
Pastoralism,159,,0.860231967,,,,,,,,,,,,,,,
Pastoralism,258,,0.8665149440000001,,,,,,,,,,,,,,,
Pastoralism,358,,0.8723434440000001,,,,,,,,,,,,,,,
Pastoralism,457,,0.877780536,,,,,,,,,,,,,,,
Pastoralism,557,,0.8828826909999999,,,,,,,,,,,,,,,
Pastoralism,656,,0.887700433,,,,,,,,,,,,,,,
Pastoralism,756,,0.89227889,,,,,,,,,,,,,,,
Pastoralism,855,,0.896658265,,,,,,,,,,,,,,,
Pastoralism,955,,0.900874211,,,,,,,,,,,,,,,
Pastoralism,1054,,0.90495923,,,,,,,,,,,,,,,
Pastoralism,1154,,0.908961375,,,,,,,,,,,,,,,
Pastoralism,1253,,0.9129385659999999,,,,,,,,,,,,,,,
Pastoralism,1353,,0.91693957,,,,,,,,,,,,,,,
Pastoralism,1452,,0.921003198,,,,,,,,,,,,,,,
Pastoralism,1552,,0.9251551459999999,,,,,,,,,,,,,,,
Pastoralism,1651,,0.929353868,,,,,,,,,,,,,,,
Pastoralism,1751,,0.933508742,,,,,,,,,,,,,,,
Pastoralism,1850,,0.937534029,,,,,,,,,,,,,,,
Pastoralism Common,-8000,0.7905138340000001,,,,,,,,,,,,,,,,
Pastoralism Common,-6000,4.347826087,,,,,,,,,,,,,,,,
Pastoralism Common,-4000,7.114624506,,,,,,,,,,,,,,,,
Pastoralism Common,-2000,11.85770751,,,,,,,,,,,,,,,,
Pastoralism Common,-1000,10.67193676,,,,,,,,,,,,,,,,
Pastoralism Common,0,9.486166008,,,,,,,,,,,,,,,,
Pastoralism Common,1000,11.85770751,,,,,,,,,,,,,,,,
Pastoralism Common,1550,11.46245059,,,,,,,,,,,,,,,,
Pastoralism Common,1800,14.22924901,,,,,,,,,,,,,,,,
Pastoralism Common,1900,18.18181818,,,,,,,,,,,,,,,,
Pastoralism Widespread,-8000,0.283286119,,,,,,,,,,,,,,,,
Pastoralism Widespread,-6000,0.283286119,,,,,,,,,,,,,,,,
Pastoralism Widespread,-4000,3.966005666,,,,,,,,,,,,,,,,
Pastoralism Widespread,-2000,7.932011331,,,,,,,,,,,,,,,,
Pastoralism Widespread,-1000,10.4815864,,,,,,,,,,,,,,,,
Pastoralism Widespread,0,13.59773371,,,,,,,,,,,,,,,,
Pastoralism Widespread,1000,14.44759207,,,,,,,,,,,,,,,,
Pastoralism Widespread,1550,15.01416431,,,,,,,,,,,,,,,,
Pastoralism Widespread,1800,15.86402266,,,,,,,,,,,,,,,,
Pastoralism Widespread,1900,18.13031161,,,,,,,,,,,,,,,,
Philippines,-8000,,,Widespread,None,None,None,Absent,,,,,,,,,,
Philippines,-6000,,,Widespread,None,None,None,Absent,,,,,,,,,,
Philippines,-4000,,,Widespread,None,None,None,Absent,,,,,,,,,,
Philippines,-2000,,,Widespread,Minimal,None,None,Absent,,,,,,,,,,
Philippines,-1000,,,Widespread,Common,Minimal,None,Absent,,,,,,,,,,
Philippines,0,,,Widespread,Common,Minimal,None,Absent,,,,,,,,,,
Philippines,1000,,,Widespread,Common,Minimal,None,Absent,,,,,,,,,,
Philippines,1500,,,Widespread,Widespread,Common,None,Absent,,,,,,,,,,
Philippines,1750,,,Widespread,Widespread,Common,None,Present,,,,,,,,,,
Philippines,1850,,,Widespread,Widespread,Common,None,Present,,,,,,,,,,
Poland,-8000,,,Widespread,None,None,None,Absent,,,,,,,,,,
Poland,-6000,,,Widespread,Common,None,Common,Absent,,,,,,,,,,
Poland,-4000,,,Widespread,Widespread,None,Widespread,Absent,,,,,,,,,,
Poland,-2000,,,Common,Widespread,None,Widespread,Absent,,,,,,,,,,
Poland,-1000,,,Minimal,Widespread,None,Widespread,Absent,,,,,,,,,,
Poland,0,,,Minimal,Widespread,None,Widespread,Split,-8000.0,-2000.0,-6000.0,1900.0,-6000.0,1900.0,1800.0,1900.0,1550.0,1900.0
Poland,1000,,,Minimal,Widespread,None,Common,Split,,,,,,,,,,
Poland,1500,,,Minimal,Widespread,Minimal,Widespread,Present,,,,,,,,,,
Poland,1750,,,Minimal,Widespread,Common,Widespread,Present,,,,,,,,,,
Poland,1850,,,Minimal,Widespread,Common,Widespread,Present,,,,,,,,,,
Polynesia,-8000,,,None,None,None,None,Absent,,,,,,,,,,
Polynesia,-6000,,,None,None,None,None,Absent,,,,,,,,,,
Polynesia,-4000,,,None,None,None,None,Absent,,,,,,,,,,
Polynesia,-2000,,,None,None,None,None,Absent,,,,,,,,,,
Polynesia,-1000,,,Common,Common,Minimal,None,Absent,,,,,,,,,,
Polynesia,0,,,Common,Common,Minimal,None,Absent,,,,,,,,,,
Polynesia,1000,,,Common,Common,Common,None,Absent,,,,,,,,,,
Polynesia,1500,,,Common,Common,Widespread,None,Absent,,,,,,,,,,
Polynesia,1750,,,Common,Common,Widespread,None,Absent,,,,,,,,,,
Polynesia,1850,,,Common,Common,Widespread,Minimal,Present,,,,,,,,,,
Portugal,-8000,,,Widespread,None,None,None,Absent,,,,,,,,,,
Portugal,-6000,,,Widespread,None,None,None,Absent,,,,,,,,,,
Portugal,-4000,,,Common,Common,Minimal,Common,Absent,,,,,,,,,,
Portugal,-2000,,,Common,Widespread,Common,Widespread,Absent,,,,,,,,,,
Portugal,-1000,,,Minimal,Widespread,Common,Widespread,Present,,,,,,,,,,
Portugal,0,,,Minimal,Widespread,Widespread,Widespread,Present,-8000.0,-2000.0,-4000.0,1900.0,-4000.0,1900.0,-2000.0,1900.0,-1000.0,1900.0
Portugal,1000,,,Minimal,Widespread,Widespread,Widespread,Present,,,,,,,,,,
Portugal,1500,,,Minimal,Widespread,Widespread,Widespread,Present,,,,,,,,,,
Portugal,1750,,,Minimal,Widespread,Widespread,Widespread,Present,,,,,,,,,,
Portugal,1850,,,Minimal,Widespread,Widespread,Widespread,Present,,,,,,,,,,
Romania,-8000,,,Widespread,None,None,None,Absent,,,,,,,,,,
Romania,-6000,,,Widespread,Common,Minimal,Common,Absent,,,,,,,,,,
Romania,-4000,,,Minimal,Minimal,Widespread,Widespread,Absent,,,,,,,,,,
Romania,-2000,,,Minimal,Minimal,Widespread,Widespread,Absent,,,,,,,,,,
Romania,-1000,,,Minimal,Minimal,Widespread,Widespread,Absent,,,,,,,,,,
Romania,0,,,Common,Minimal,Widespread,Widespread,Present,-8000.0,1000.0,-6000.0,1000.0,-6000.0,1900.0,-4000.0,1900.0,0.0,1900.0
Romania,1000,,,Common,Common,Widespread,Common,Present,,,,,,,,,,
Romania,1500,,,Minimal,Minimal,Widespread,Widespread,Present,,,,,,,,,,
Romania,1750,,,Minimal,Minimal,Widespread,Widespread,Present,,,,,,,,,,
Romania,1850,,,Minimal,Minimal,Widespread,Widespread,Present,,,,,,,,,,
Russia,-8000,,,Widespread,None,None,None,Absent,,,,,,,,,,
Russia,-6000,,,Widespread,None,None,None,Absent,,,,,,,,,,
Russia,-4000,,,Widespread,None,None,None,Absent,,,,,,,,,,
Russia,-2000,,,Widespread,None,None,Minimal,Absent,,,,,,,,,,
Russia,-1000,,,Common,Minimal,Common,Widespread,Absent,,,,,,,,,,
Russia,0,,,Minimal,Minimal,Common,Widespread,Absent,,,,,,,,,,
Russia,1000,,,Minimal,Minimal,Common,Widespread,Present,,,,,,,,,,
Russia,1500,,,Minimal,Minimal,Common,Widespread,Present,,,,,,,,,,
Russia,1750,,,Minimal,Minimal,Common,Widespread,Present,,,,,,,,,,
Russia,1850,,,Minimal,Minimal,Common,Widespread,Present,,,,,,,,,,
Rwanda,-8000,,,Minimal,None,None,None,Absent,,,,,,,,,,
Rwanda,-6000,,,Minimal,None,None,None,Absent,,,,,,,,,,
Rwanda,-4000,,,Common,None,None,None,Absent,,,,,,,,,,
Rwanda,-2000,,,Common,None,None,Minimal,Absent,,,,,,,,,,
Rwanda,-1000,,,Common,None,None,Common,Absent,,,,,,,,,,
Rwanda,0,,,Common,Common,Minimal,Common,Present,-4000.0,1000.0,0.0,1900.0,-1000.0,1900.0,1550.0,1900.0,0.0,1900.0
Rwanda,1000,,,Common,Common,Minimal,Common,Present,,,,,,,,,,
Rwanda,1500,,,Minimal,Widespread,Common,Common,Present,,,,,,,,,,
Rwanda,1750,,,Minimal,Widespread,Common,Common,Present,,,,,,,,,,
Rwanda,1850,,,Minimal,Widespread,Common,Common,Present,,,,,,,,,,
Saint Kitts and Nevis,-8000,,,None,None,None,None,Absent,,,,,,,,,,
Saint Kitts and Nevis,-6000,,,Minimal,None,None,None,Absent,,,,,,,,,,
Saint Kitts and Nevis,-4000,,,Minimal,None,None,None,Absent,,,,,,,,,,
Saint Kitts and Nevis,-2000,,,Common,Minimal,None,None,Absent,,,,,,,,,,
Saint Kitts and Nevis,-1000,,,Common,Minimal,None,None,Absent,,,,,,,,,,
Saint Kitts and Nevis,0,,,Widespread,Common,None,None,Absent,-2000.0,1900.0,0.0,1900.0,1900.0,1900.0,1800.0,1900.0,1800.0,1900.0
Saint Kitts and Nevis,1000,,,Widespread,Common,None,None,Absent,,,,,,,,,,
Saint Kitts and Nevis,1500,,,Widespread,Common,Minimal,None,Absent,,,,,,,,,,
Saint Kitts and Nevis,1750,,,Common,Common,Widespread,Minimal,Present,,,,,,,,,,
Saint Kitts and Nevis,1850,,,Common,Common,Widespread,Common,Present,,,,,,,,,,
Saint Lucia,-8000,,,None,None,None,None,Absent,,,,,,,,,,
Saint Lucia,-6000,,,Minimal,None,None,None,Absent,,,,,,,,,,
Saint Lucia,-4000,,,Minimal,None,None,None,Absent,,,,,,,,,,
Saint Lucia,-2000,,,Common,Minimal,None,None,Absent,,,,,,,,,,
Saint Lucia,-1000,,,Common,Minimal,None,None,Absent,,,,,,,,,,
Saint Lucia,0,,,Widespread,Common,None,None,Absent,-2000.0,1900.0,0.0,1900.0,1900.0,1900.0,1800.0,1900.0,1800.0,1900.0
Saint Lucia,1000,,,Widespread,Common,None,None,Absent,,,,,,,,,,
Saint Lucia,1500,,,Widespread,Common,Minimal,None,Absent,,,,,,,,,,
Saint Lucia,1750,,,Common,Common,Widespread,Minimal,Present,,,,,,,,,,
Saint Lucia,1850,,,Common,Common,Widespread,Common,Present,,,,,,,,,,
Saint Vincent and the Grenadines,-8000,,,None,None,None,None,Absent,,,,,,,,,,
Saint Vincent and the Grenadines,-6000,,,Minimal,None,None,None,Absent,,,,,,,,,,
Saint Vincent and the Grenadines,-4000,,,Minimal,None,None,None,Absent,,,,,,,,,,
Saint Vincent and the Grenadines,-2000,,,Common,Minimal,None,None,Absent,,,,,,,,,,
Saint Vincent and the Grenadines,-1000,,,Common,Minimal,None,None,Absent,,,,,,,,,,
Saint Vincent and the Grenadines,0,,,Widespread,Common,None,None,Absent,-2000.0,1900.0,0.0,1900.0,1900.0,1900.0,1800.0,1900.0,1800.0,1900.0
Saint Vincent and the Grenadines,1000,,,Widespread,Common,None,None,Absent,,,,,,,,,,
Saint Vincent and the Grenadines,1500,,,Widespread,Common,Minimal,None,Absent,,,,,,,,,,
Saint Vincent and the Grenadines,1750,,,Common,Common,Widespread,Minimal,Present,,,,,,,,,,
Saint Vincent and the Grenadines,1850,,,Common,Common,Widespread,Common,Present,,,,,,,,,,
Saudi Arabia,-8000,,,Widespread,None,None,None,Absent,,,,,,,,,,
Saudi Arabia,-6000,,,Common,None,None,Minimal,Absent,,,,,,,,,,
Saudi Arabia,-4000,,,Common,Minimal,None,Common,Absent,,,,,,,,,,
Saudi Arabia,-2000,,,Common,Minimal,Common,Common,Absent,,,,,,,,,,
Saudi Arabia,-1000,,,Common,Minimal,Common,Common,Absent,,,,,,,,,,
Saudi Arabia,0,,,Common,Minimal,Common,Widespread,Absent,,,,,,,,,,
Saudi Arabia,1000,,,Common,Minimal,Common,Widespread,Present,,,,,,,,,,
Saudi Arabia,1500,,,Common,Minimal,Common,Widespread,Present,,,,,,,,,,
Saudi Arabia,1750,,,Common,Minimal,Common,Widespread,Present,,,,,,,,,,
Saudi Arabia,1850,,,Common,Minimal,Widespread,Widespread,Present,,,,,,,,,,
Senegal,-8000,,,Widespread,None,None,None,Absent,,,,,,,,,,
Senegal,-6000,,,Widespread,None,None,None,Absent,,,,,,,,,,
Senegal,-4000,,,Widespread,None,None,None,Absent,,,,,,,,,,
Senegal,-2000,,,Widespread,None,None,None,Absent,,,,,,,,,,
Senegal,-1000,,,Widespread,None,None,None,Absent,,,,,,,,,,
Senegal,0,,,Common,Widespread,Minimal,Widespread,Absent,-8000.0,1900.0,0.0,1900.0,0.0,1900.0,1000.0,1900.0,1550.0,1900.0
Senegal,1000,,,Common,Widespread,Common,Widespread,Split,,,,,,,,,,
Senegal,1500,,,Common,Common,Widespread,Widespread,Present,,,,,,,,,,
Senegal,1750,,,Common,Common,Widespread,Widespread,Present,,,,,,,,,,
Senegal,1850,,,Common,Common,Widespread,Widespread,Present,,,,,,,,,,
Serbia,-8000,,,Widespread,None,None,None,Absent,,,,,,,,,,
Serbia,-6000,,,Common,Common,None,Common,Absent,,,,,,,,,,
Serbia,-4000,,,Common,Common,Minimal,Widespread,Absent,,,,,,,,,,
Serbia,-2000,,,Minimal,Common,Common,Widespread,Present,,,,,,,,,,
Serbia,-1000,,,Minimal,Common,Widespread,Widespread,Present,,,,,,,,,,
Serbia,0,,,Minimal,Widespread,Widespread,Widespread,Present,-8000.0,-4000.0,-6000.0,1900.0,-6000.0,1900.0,-2000.0,1900.0,-2000.0,1900.0
Serbia,1000,,,Minimal,Common,Widespread,Widespread,Present,,,,,,,,,,
Serbia,1500,,,Minimal,Common,Widespread,Widespread,Present,,,,,,,,,,
Serbia,1750,,,Minimal,Common,Widespread,Widespread,Present,,,,,,,,,,
Serbia,1850,,,Minimal,Common,Widespread,Widespread,Present,,,,,,,,,,
Sierra Leone,-8000,,,Widespread,None,None,None,Absent,,,,,,,,,,
Sierra Leone,-6000,,,Widespread,None,None,None,Absent,,,,,,,,,,
Sierra Leone,-4000,,,Widespread,None,None,None,Absent,,,,,,,,,,
Sierra Leone,-2000,,,Widespread,None,None,None,Absent,,,,,,,,,,
Sierra Leone,-1000,,,Widespread,None,None,None,Absent,,,,,,,,,,
Sierra Leone,0,,,Widespread,Widespread,None,None,Absent,,,,,,,,,,
Sierra Leone,1000,,,Widespread,Common,Common,None,Present,,,,,,,,,,
Sierra Leone,1500,,,Widespread,Minimal,Widespread,None,Present,,,,,,,,,,
Sierra Leone,1750,,,Widespread,Common,Widespread,None,Present,,,,,,,,,,
Sierra Leone,1850,,,Widespread,Common,Widespread,None,Present,,,,,,,,,,
Slovakia,-8000,,,Widespread,None,None,None,Absent,,,,,,,,,,
Slovakia,-6000,,,Widespread,Common,None,Common,Absent,,,,,,,,,,
Slovakia,-4000,,,Widespread,Widespread,None,Widespread,Absent,,,,,,,,,,
Slovakia,-2000,,,Common,Widespread,None,Widespread,Absent,,,,,,,,,,
Slovakia,-1000,,,Minimal,Widespread,None,Widespread,Absent,,,,,,,,,,
Slovakia,0,,,Minimal,Widespread,None,Widespread,Split,-8000.0,-2000.0,-6000.0,1900.0,-6000.0,1900.0,1800.0,1900.0,1550.0,1900.0
Slovakia,1000,,,Minimal,Widespread,None,Common,Split,,,,,,,,,,
Slovakia,1500,,,Minimal,Widespread,Minimal,Widespread,Present,,,,,,,,,,
Slovakia,1750,,,Minimal,Widespread,Common,Widespread,Present,,,,,,,,,,
Slovakia,1850,,,Minimal,Widespread,Common,Widespread,Present,,,,,,,,,,
Slovenia,-8000,,,Widespread,None,None,None,Absent,,,,,,,,,,
Slovenia,-6000,,,Common,Common,None,Common,Absent,,,,,,,,,,
Slovenia,-4000,,,Common,Common,Minimal,Widespread,Absent,,,,,,,,,,
Slovenia,-2000,,,Minimal,Common,Common,Widespread,Present,,,,,,,,,,
Slovenia,-1000,,,Minimal,Common,Widespread,Widespread,Present,,,,,,,,,,
Slovenia,0,,,Minimal,Widespread,Widespread,Widespread,Present,-8000.0,-4000.0,-6000.0,1900.0,-6000.0,1900.0,-2000.0,1900.0,-2000.0,1900.0
Slovenia,1000,,,Minimal,Common,Widespread,Widespread,Present,,,,,,,,,,
Slovenia,1500,,,Minimal,Common,Widespread,Widespread,Present,,,,,,,,,,
Slovenia,1750,,,Minimal,Common,Widespread,Widespread,Present,,,,,,,,,,
Slovenia,1850,,,Minimal,Common,Widespread,Widespread,Present,,,,,,,,,,
Somalia,-8000,,,Widespread,None,None,None,Absent,,,,,,,,,,
Somalia,-6000,,,Widespread,None,None,None,Absent,,,,,,,,,,
Somalia,-4000,,,Widespread,None,None,None,Absent,,,,,,,,,,
Somalia,-2000,,,Widespread,None,None,Minimal,Absent,,,,,,,,,,
Somalia,-1000,,,Widespread,None,None,Common,Absent,,,,,,,,,,
Somalia,0,,,Widespread,Minimal,None,Widespread,Absent,-8000.0,1900.0,1000.0,1900.0,-1000.0,1900.0,1550.0,1900.0,1000.0,1900.0
Somalia,1000,,,Common,Common,None,Widespread,Present,,,,,,,,,,
Somalia,1500,,,Common,Widespread,Common,Widespread,Present,,,,,,,,,,
Somalia,1750,,,Common,Widespread,Common,Widespread,Present,,,,,,,,,,
Somalia,1850,,,Common,Widespread,Common,Widespread,Present,,,,,,,,,,
South Africa,-8000,,,Widespread,None,None,None,Absent,,,,,,,,,,
South Africa,-6000,,,Widespread,None,None,None,Absent,,,,,,,,,,
South Africa,-4000,,,Widespread,None,None,None,Absent,,,,,,,,,,
South Africa,-2000,,,Widespread,None,None,None,Absent,,,,,,,,,,
South Africa,-1000,,,Widespread,None,None,None,Absent,,,,,,,,,,
South Africa,0,,,Widespread,None,None,Minimal,Absent,-8000.0,1900.0,1000.0,1900.0,1000.0,1900.0,1550.0,1900.0,1550.0,1900.0
South Africa,1000,,,Widespread,Common,Minimal,Common,Absent,,,,,,,,,,
South Africa,1500,,,Common,Widespread,Common,Common,Present,,,,,,,,,,
South Africa,1750,,,Common,Widespread,Common,Common,Present,,,,,,,,,,
South Africa,1850,,,Common,Widespread,Common,Widespread,Present,,,,,,,,,,
South Korea,-8000,,,Widespread,None,None,None,Absent,,,,,,,,,,
South Korea,-6000,,,Widespread,Minimal,None,None,Absent,,,,,,,,,,
South Korea,-4000,,,Widespread,Minimal,None,None,Absent,,,,,,,,,,
South Korea,-2000,,,Widespread,Minimal,None,None,Absent,,,,,,,,,,
South Korea,-1000,,,Widespread,Widespread,Minimal,None,Absent,,,,,,,,,,
South Korea,0,,,Common,Common,Widespread,Minimal,Present,-8000.0,0.0,-1000.0,1800.0,1000.0,1900.0,0.0,1900.0,0.0,1900.0
South Korea,1000,,,Minimal,Common,Widespread,Common,Present,,,,,,,,,,
South Korea,1500,,,Minimal,Common,Widespread,Common,Present,,,,,,,,,,
South Korea,1750,,,Minimal,Common,Widespread,Common,Present,,,,,,,,,,
South Korea,1850,,,Minimal,Minimal,Widespread,Common,Present,,,,,,,,,,
South Sudan,-8000,,,Widespread,None,None,None,Absent,,,,,,,,,,
South Sudan,-6000,,,Widespread,None,None,None,Absent,,,,,,,,,,
South Sudan,-4000,,,Widespread,None,None,Minimal,Absent,,,,,,,,,,
South Sudan,-2000,,,Widespread,Minimal,None,Common,Absent,,,,,,,,,,
South Sudan,-1000,,,Common,Widespread,None,Widespread,Absent,,,,,,,,,,
South Sudan,0,,,Common,Widespread,None,Widespread,Absent,,,,,,,,,,
South Sudan,1000,,,Minimal,Widespread,None,Widespread,Absent,,,,,,,,,,
South Sudan,1500,,,Minimal,Widespread,None,Widespread,Present,,,,,,,,,,
South Sudan,1750,,,Minimal,Widespread,None,Widespread,Present,,,,,,,,,,
South Sudan,1850,,,Minimal,Widespread,None,Widespread,Present,,,,,,,,,,
Spain,-8000,,,Widespread,None,None,None,Absent,,,,,,,,,,
Spain,-6000,,,Widespread,None,None,None,Absent,,,,,,,,,,
Spain,-4000,,,Common,Common,Minimal,Common,Absent,,,,,,,,,,
Spain,-2000,,,Common,Widespread,Common,Widespread,Absent,,,,,,,,,,
Spain,-1000,,,Minimal,Widespread,Common,Widespread,Present,,,,,,,,,,
Spain,0,,,Minimal,Widespread,Widespread,Widespread,Present,-8000.0,-2000.0,-4000.0,1900.0,-4000.0,1900.0,-2000.0,1900.0,-1000.0,1900.0
Spain,1000,,,Minimal,Widespread,Widespread,Widespread,Present,,,,,,,,,,
Spain,1500,,,Minimal,Widespread,Widespread,Widespread,Present,,,,,,,,,,
Spain,1750,,,Minimal,Widespread,Widespread,Widespread,Present,,,,,,,,,,
Spain,1850,,,Minimal,Widespread,Widespread,Widespread,Present,,,,,,,,,,
Sri Lanka,-8000,,,Common,None,None,None,Absent,,,,,,,,,,
Sri Lanka,-6000,,,Common,None,None,None,Absent,,,,,,,,,,
Sri Lanka,-4000,,,Widespread,None,None,None,Absent,,,,,,,,,,
Sri Lanka,-2000,,,Widespread,None,None,None,Absent,,,,,,,,,,
Sri Lanka,-1000,,,Widespread,Common,Minimal,Minimal,Absent,,,,,,,,,,
Sri Lanka,0,,,Widespread,Common,Common,Common,Absent,-8000.0,1900.0,-1000.0,1900.0,0.0,1900.0,0.0,1900.0,1000.0,1900.0
Sri Lanka,1000,,,Widespread,Widespread,Common,Common,Present,,,,,,,,,,
Sri Lanka,1500,,,Widespread,Widespread,Common,Common,Present,,,,,,,,,,
Sri Lanka,1750,,,Common,Widespread,Common,Common,Present,,,,,,,,,,
Sri Lanka,1850,,,Common,Widespread,Common,Common,Present,,,,,,,,,,
Sudan,-8000,,,Widespread,None,None,None,Absent,,,,,,,,,,
Sudan,-6000,,,Widespread,None,None,Minimal,Absent,,,,,,,,,,
Sudan,-4000,,,Widespread,Common,None,Common,Absent,,,,,,,,,,
Sudan,-2000,,,Minimal,Common,Minimal,Common,Present,,,,,,,,,,
Sudan,-1000,,,Minimal,Common,Common,Widespread,Present,,,,,,,,,,
Sudan,0,,,Minimal,Common,Common,Widespread,Present,-8000.0,-4000.0,-4000.0,1900.0,-4000.0,1900.0,-1000.0,1900.0,-2000.0,1900.0
Sudan,1000,,,Minimal,Common,Common,Widespread,Present,,,,,,,,,,
Sudan,1500,,,Minimal,Common,Common,Widespread,Present,,,,,,,,,,
Sudan,1750,,,Minimal,Common,Common,Widespread,Present,,,,,,,,,,
Sudan,1850,,,Minimal,Common,Common,Widespread,Present,,,,,,,,,,
Suriname,-8000,,,None,None,None,None,Absent,,,,,,,,,,
Suriname,-6000,,,Minimal,None,None,None,Absent,,,,,,,,,,
Suriname,-4000,,,Minimal,None,None,None,Absent,,,,,,,,,,
Suriname,-2000,,,Common,Minimal,None,None,Absent,,,,,,,,,,
Suriname,-1000,,,Common,Minimal,None,None,Absent,,,,,,,,,,
Suriname,0,,,Widespread,Common,None,None,Absent,-2000.0,1900.0,0.0,1900.0,1900.0,1900.0,1800.0,1900.0,1800.0,1900.0
Suriname,1000,,,Widespread,Common,None,None,Absent,,,,,,,,,,
Suriname,1500,,,Widespread,Common,Minimal,None,Absent,,,,,,,,,,
Suriname,1750,,,Common,Common,Widespread,Minimal,Present,,,,,,,,,,
Suriname,1850,,,Common,Common,Widespread,Common,Present,,,,,,,,,,
Sweden,-8000,,,Minimal,None,None,None,Absent,,,,,,,,,,
Sweden,-6000,,,Widespread,None,None,None,Absent,,,,,,,,,,
Sweden,-4000,,,Widespread,Common,None,Minimal,Absent,,,,,,,,,,
Sweden,-2000,,,Common,Common,Minimal,Common,Absent,,,,,,,,,,
Sweden,-1000,,,Common,Common,Minimal,Widespread,Absent,,,,,,,,,,
Sweden,0,,,Common,Common,Common,Widespread,Absent,-6000.0,1900.0,-4000.0,1900.0,-2000.0,1900.0,0.0,1900.0,1000.0,1900.0
Sweden,1000,,,Common,Common,Common,Widespread,Present,,,,,,,,,,
Sweden,1500,,,Common,Common,Common,Widespread,Present,,,,,,,,,,
Sweden,1750,,,Common,Common,Widespread,Widespread,Present,,,,,,,,,,
Sweden,1850,,,Common,Common,Widespread,Widespread,Present,,,,,,,,,,
Switzerland,-8000,,,Widespread,None,None,None,Absent,,,,,,,,,,
Switzerland,-6000,,,Widespread,None,None,Minimal,Absent,,,,,,,,,,
Switzerland,-4000,,,Common,Widespread,Common,Common,Absent,,,,,,,,,,
Switzerland,-2000,,,Minimal,Widespread,Widespread,Widespread,Absent,,,,,,,,,,
Switzerland,-1000,,,Minimal,Widespread,Widespread,Widespread,Absent,,,,,,,,,,
Switzerland,0,,,Minimal,Widespread,Widespread,Widespread,Present,-8000.0,-4000.0,-4000.0,1550.0,-4000.0,1900.0,-4000.0,1900.0,0.0,1900.0
Switzerland,1000,,,Minimal,Widespread,Widespread,Widespread,Present,,,,,,,,,,
Switzerland,1500,,,Minimal,Widespread,Widespread,Widespread,Present,,,,,,,,,,
Switzerland,1750,,,Minimal,Minimal,Widespread,Widespread,Present,,,,,,,,,,
Switzerland,1850,,,Minimal,Minimal,Widespread,Widespread,Present,,,,,,,,,,
Syria,-8000,,,Widespread,Common,Minimal,Minimal,Absent,,,,,,,,,,
Syria,-6000,,,Common,Common,Common,Common,Absent,,,,,,,,,,
Syria,-4000,,,Minimal,Common,Common,Widespread,Present,,,,,,,,,,
Syria,-2000,,,Minimal,Common,Widespread,Widespread,Present,,,,,,,,,,
Syria,-1000,,,Minimal,Common,Widespread,Widespread,Present,,,,,,,,,,
Syria,0,,,Minimal,Common,Widespread,Widespread,Present,-8000.0,-6000.0,-8000.0,1900.0,-6000.0,1900.0,-6000.0,1900.0,-4000.0,1900.0
Syria,1000,,,Minimal,Common,Widespread,Widespread,Present,,,,,,,,,,
Syria,1500,,,Minimal,Common,Widespread,Widespread,Present,,,,,,,,,,
Syria,1750,,,Minimal,Common,Widespread,Widespread,Present,,,,,,,,,,
Syria,1850,,,Minimal,Common,Widespread,Widespread,Present,,,,,,,,,,
Taiwan,-8000,,,Widespread,None,None,None,Absent,,,,,,,,,,
Taiwan,-6000,,,Widespread,None,None,None,Absent,,,,,,,,,,
Taiwan,-4000,,,Widespread,Minimal,None,None,Absent,,,,,,,,,,
Taiwan,-2000,,,Common,Common,None,None,Absent,,,,,,,,,,
Taiwan,-1000,,,Common,Widespread,Minimal,None,Absent,,,,,,,,,,
Taiwan,0,,,Common,Widespread,Common,None,Present,,,,,,,,,,
Taiwan,1000,,,Minimal,Widespread,Common,None,Present,,,,,,,,,,
Taiwan,1500,,,None,Widespread,Widespread,Minimal,Present,,,,,,,,,,
Taiwan,1750,,,None,Widespread,Widespread,Minimal,Present,,,,,,,,,,
Taiwan,1850,,,None,Widespread,Widespread,Minimal,Present,,,,,,,,,,
Tajikistan,-8000,,,Widespread,None,None,None,Absent,,,,,,,,,,
Tajikistan,-6000,,,Widespread,None,None,None,Absent,,,,,,,,,,
Tajikistan,-4000,,,Widespread,None,None,Minimal,Absent,,,,,,,,,,
Tajikistan,-2000,,,Common,Widespread,Common,Widespread,Absent,,,,,,,,,,
Tajikistan,-1000,,,Minimal,Widespread,Widespread,Widespread,Present,,,,,,,,,,
Tajikistan,0,,,Minimal,Common,Widespread,Widespread,Present,-8000.0,-2000.0,-2000.0,1900.0,-2000.0,1900.0,-2000.0,1900.0,-1000.0,1900.0
Tajikistan,1000,,,Minimal,Common,Widespread,Widespread,Present,,,,,,,,,,
Tajikistan,1500,,,Minimal,Widespread,Widespread,Widespread,Present,,,,,,,,,,
Tajikistan,1750,,,None,Widespread,Widespread,Widespread,Present,,,,,,,,,,
Tajikistan,1850,,,None,Common,Widespread,Common,Present,,,,,,,,,,
Tanzania,-8000,,,Common,None,None,None,Absent,,,,,,,,,,
Tanzania,-6000,,,Common,None,None,None,Absent,,,,,,,,,,
Tanzania,-4000,,,Common,None,None,None,Absent,,,,,,,,,,
Tanzania,-2000,,,Common,None,None,Minimal,Absent,,,,,,,,,,
Tanzania,-1000,,,Common,None,None,Common,Absent,,,,,,,,,,
Tanzania,0,,,Common,Minimal,None,Common,Absent,-8000.0,1800.0,1000.0,1900.0,-1000.0,1900.0,1000.0,1900.0,1000.0,1900.0
Tanzania,1000,,,Common,Common,Common,Common,Present,,,,,,,,,,
Tanzania,1500,,,Common,Widespread,Common,Widespread,Present,,,,,,,,,,
Tanzania,1750,,,Common,Common,Common,Widespread,Present,,,,,,,,,,
Tanzania,1850,,,Minimal,Widespread,Common,Widespread,Present,,,,,,,,,,
Thailand,-8000,,,Common,None,None,None,Absent,,,,,,,,,,
Thailand,-6000,,,Widespread,None,None,None,Absent,,,,,,,,,,
Thailand,-4000,,,Widespread,Minimal,None,None,Absent,,,,,,,,,,
Thailand,-2000,,,Common,Common,None,None,Absent,,,,,,,,,,
Thailand,-1000,,,Widespread,Common,Minimal,None,Absent,,,,,,,,,,
Thailand,0,,,Common,Widespread,Common,None,Absent,,,,,,,,,,
Thailand,1000,,,Common,Widespread,Widespread,None,Present,,,,,,,,,,
Thailand,1500,,,Common,Widespread,Widespread,None,Present,,,,,,,,,,
Thailand,1750,,,Common,Widespread,Widespread,Minimal,Present,,,,,,,,,,
Thailand,1850,,,Common,Widespread,Widespread,None,Present,,,,,,,,,,
Togo,-8000,,,Widespread,None,None,None,Absent,,,,,,,,,,
Togo,-6000,,,Widespread,None,None,None,Absent,,,,,,,,,,
Togo,-4000,,,Widespread,None,None,None,Absent,,,,,,,,,,
Togo,-2000,,,Widespread,Minimal,None,None,Absent,,,,,,,,,,
Togo,-1000,,,Widespread,Minimal,None,None,Absent,,,,,,,,,,
Togo,0,,,Widespread,Common,None,Minimal,Present,-8000.0,1900.0,0.0,1000.0,1000.0,1900.0,1000.0,1900.0,0.0,1900.0
Togo,1000,,,Common,Common,Common,Common,Present,,,,,,,,,,
Togo,1500,,,Common,Minimal,Common,Common,Present,,,,,,,,,,
Togo,1750,,,Common,Minimal,Common,Common,Present,,,,,,,,,,
Togo,1850,,,Common,Minimal,Widespread,Common,Present,,,,,,,,,,
Trinidad and Tobago,-8000,,,None,None,None,None,Absent,,,,,,,,,,
Trinidad and Tobago,-6000,,,Minimal,None,None,None,Absent,,,,,,,,,,
Trinidad and Tobago,-4000,,,Minimal,None,None,None,Absent,,,,,,,,,,
Trinidad and Tobago,-2000,,,Common,Minimal,None,None,Absent,,,,,,,,,,
Trinidad and Tobago,-1000,,,Common,Minimal,None,None,Absent,,,,,,,,,,
Trinidad and Tobago,0,,,Widespread,Common,None,None,Absent,-2000.0,1900.0,0.0,1900.0,1900.0,1900.0,1800.0,1900.0,1800.0,1900.0
Trinidad and Tobago,1000,,,Widespread,Common,None,None,Absent,,,,,,,,,,
Trinidad and Tobago,1500,,,Widespread,Common,Minimal,None,Absent,,,,,,,,,,
Trinidad and Tobago,1750,,,Common,Common,Widespread,Minimal,Present,,,,,,,,,,
Trinidad and Tobago,1850,,,Common,Common,Widespread,Common,Present,,,,,,,,,,
Tunisia,-8000,,,Common,None,None,None,Absent,,,,,,,,,,
Tunisia,-6000,,,Common,None,None,Minimal,Absent,,,,,,,,,,
Tunisia,-4000,,,Common,None,None,Common,Absent,,,,,,,,,,
Tunisia,-2000,,,Common,Common,Minimal,Common,Absent,,,,,,,,,,
Tunisia,-1000,,,Minimal,Minimal,Minimal,Widespread,Absent,,,,,,,,,,
Tunisia,0,,,None,Minimal,Widespread,Common,Present,-8000.0,-2000.0,-2000.0,-2000.0,-4000.0,1900.0,0.0,1900.0,0.0,1900.0
Tunisia,1000,,,None,Minimal,Common,Widespread,Present,,,,,,,,,,
Tunisia,1500,,,Minimal,Minimal,Common,Common,Present,,,,,,,,,,
Tunisia,1750,,,None,Minimal,Common,Common,Present,,,,,,,,,,
Tunisia,1850,,,None,None,Common,Common,Present,,,,,,,,,,
Turkey,-8000,,,Widespread,Minimal,None,Common,Absent,,,,,,,,,,
Turkey,-6000,,,Common,Common,Minimal,Common,Absent,,,,,,,,,,
Turkey,-4000,,,Minimal,Common,Common,Widespread,Split,,,,,,,,,,
Turkey,-2000,,,Minimal,Widespread,Common,Widespread,Present,,,,,,,,,,
Turkey,-1000,,,Minimal,Widespread,Widespread,Widespread,Present,,,,,,,,,,
Turkey,0,,,Minimal,Common,Widespread,Widespread,Present,-8000.0,-6000.0,-6000.0,1900.0,-8000.0,1900.0,-4000.0,1900.0,-2000.0,1900.0
Turkey,1000,,,Minimal,Widespread,Widespread,Widespread,Present,,,,,,,,,,
Turkey,1500,,,Minimal,Widespread,Widespread,Widespread,Present,,,,,,,,,,
Turkey,1750,,,Minimal,Common,Widespread,Widespread,Present,,,,,,,,,,
Turkey,1850,,,Minimal,Common,Widespread,Widespread,Present,,,,,,,,,,
Turkmenistan,-8000,,,Widespread,None,None,None,Absent,,,,,,,,,,
Turkmenistan,-6000,,,Widespread,None,None,None,Absent,,,,,,,,,,
Turkmenistan,-4000,,,Widespread,None,None,Minimal,Absent,,,,,,,,,,
Turkmenistan,-2000,,,Common,Widespread,Common,Widespread,Absent,,,,,,,,,,
Turkmenistan,-1000,,,Minimal,Widespread,Widespread,Widespread,Present,,,,,,,,,,
Turkmenistan,0,,,Minimal,Common,Widespread,Widespread,Present,-8000.0,-2000.0,-2000.0,1900.0,-2000.0,1900.0,-2000.0,1900.0,-1000.0,1900.0
Turkmenistan,1000,,,Minimal,Common,Widespread,Widespread,Present,,,,,,,,,,
Turkmenistan,1500,,,Minimal,Widespread,Widespread,Widespread,Present,,,,,,,,,,
Turkmenistan,1750,,,None,Widespread,Widespread,Widespread,Present,,,,,,,,,,
Turkmenistan,1850,,,None,Common,Widespread,Common,Present,,,,,,,,,,
Uganda,-8000,,,Minimal,None,None,None,Absent,,,,,,,,,,
Uganda,-6000,,,Minimal,None,None,None,Absent,,,,,,,,,,
Uganda,-4000,,,Common,None,None,None,Absent,,,,,,,,,,
Uganda,-2000,,,Common,None,None,Minimal,Absent,,,,,,,,,,
Uganda,-1000,,,Common,None,None,Common,Absent,,,,,,,,,,
Uganda,0,,,Common,Common,Minimal,Common,Present,-4000.0,1000.0,0.0,1900.0,-1000.0,1900.0,1550.0,1900.0,0.0,1900.0
Uganda,1000,,,Common,Common,Minimal,Common,Present,,,,,,,,,,
Uganda,1500,,,Minimal,Widespread,Common,Common,Present,,,,,,,,,,
Uganda,1750,,,Minimal,Widespread,Common,Common,Present,,,,,,,,,,
Uganda,1850,,,Minimal,Widespread,Common,Common,Present,,,,,,,,,,
Ukraine,-8000,,,Widespread,None,None,None,Absent,,,,,,,,,,
Ukraine,-6000,,,Widespread,None,None,Minimal,Absent,,,,,,,,,,
Ukraine,-4000,,,Common,Common,Common,Widespread,Present,,,,,,,,,,
Ukraine,-2000,,,Common,Common,Common,Widespread,Absent,,,,,,,,,,
Ukraine,-1000,,,Minimal,Common,Common,Widespread,Present,,,,,,,,,,
Ukraine,0,,,Minimal,Widespread,Widespread,Widespread,Present,-8000.0,-2000.0,-4000.0,1900.0,-4000.0,1900.0,-4000.0,1900.0,-4000.0,1900.0
Ukraine,1000,,,Minimal,Common,Common,Widespread,Present,,,,,,,,,,
Ukraine,1500,,,Minimal,Common,Widespread,Widespread,Present,,,,,,,,,,
Ukraine,1750,,,Minimal,Common,Widespread,Widespread,Present,,,,,,,,,,
Ukraine,1850,,,Minimal,Widespread,Widespread,Widespread,Present,,,,,,,,,,
United Arab Emirates,-8000,,,Widespread,None,None,None,Absent,,,,,,,,,,
United Arab Emirates,-6000,,,Widespread,None,None,None,Absent,,,,,,,,,,
United Arab Emirates,-4000,,,Common,None,None,Common,Absent,,,,,,,,,,
United Arab Emirates,-2000,,,Common,Minimal,None,Common,Absent,,,,,,,,,,
United Arab Emirates,-1000,,,Minimal,Minimal,Common,Common,Absent,,,,,,,,,,
United Arab Emirates,0,,,Minimal,Minimal,Common,Common,Absent,,,,,,,,,,
United Arab Emirates,1000,,,Minimal,None,Common,Common,Present,,,,,,,,,,
United Arab Emirates,1500,,,None,None,Common,Common,Present,,,,,,,,,,
United Arab Emirates,1750,,,Minimal,Minimal,Common,Common,Present,,,,,,,,,,
United Arab Emirates,1850,,,Minimal,Minimal,Common,Common,Present,,,,,,,,,,
United Kingdom,-8000,,,Widespread,None,None,None,Absent,,,,,,,,,,
United Kingdom,-6000,,,Widespread,None,None,None,Absent,,,,,,,,,,
United Kingdom,-4000,,,Common,Minimal,None,Minimal,Absent,,,,,,,,,,
United Kingdom,-2000,,,Common,Common,Common,Common,Absent,,,,,,,,,,
United Kingdom,-1000,,,Common,Widespread,Common,Widespread,Absent,,,,,,,,,,
United Kingdom,0,,,Common,Widespread,Common,Widespread,Present,-8000.0,1900.0,-2000.0,1900.0,-2000.0,1900.0,-2000.0,1900.0,0.0,1900.0
United Kingdom,1000,,,Common,Widespread,Widespread,Widespread,Present,,,,,,,,,,
United Kingdom,1500,,,Common,Widespread,Widespread,Widespread,Present,,,,,,,,,,
United Kingdom,1750,,,Common,Widespread,Widespread,Widespread,Present,,,,,,,,,,
United Kingdom,1850,,,Common,Widespread,Widespread,Widespread,Present,,,,,,,,,,
United States,-8000,,,Common,None,None,None,Absent,,,,,,,,,,
United States,-6000,,,Widespread,None,None,None,Absent,,,,,,,,,,
United States,-4000,,,Widespread,None,None,None,Absent,,,,,,,,,,
United States,-2000,,,Widespread,Minimal,None,None,Absent,,,,,,,,,,
United States,-1000,,,Common,Minimal,None,None,Absent,,,,,,,,,,
United States,0,,,Common,Common,Minimal,None,Absent,-8000.0,1900.0,0.0,1900.0,1800.0,1900.0,1000.0,1900.0,1000.0,1900.0
United States,1000,,,Common,Common,Common,None,Present,,,,,,,,,,
United States,1500,,,Common,Common,Common,None,Split,,,,,,,,,,
United States,1750,,,Common,Common,Widespread,Common,Split,,,,,,,,,,
United States,1850,,,Common,Common,Common,Widespread,Present,,,,,,,,,,
Urban,-8000,,6.47e-06,,,,,,,,,,,,,,,
Urban,-7901,,7.44e-06,,,,,,,,,,,,,,,
Urban,-7801,,8.57e-06,,,,,,,,,,,,,,,
Urban,-7702,,9.86e-06,,,,,,,,,,,,,,,
Urban,-7602,,1.1400000000000001e-05,,,,,,,,,,,,,,,
Urban,-7503,,1.31e-05,,,,,,,,,,,,,,,
Urban,-7403,,1.51e-05,,,,,,,,,,,,,,,
Urban,-7304,,1.74e-05,,,,,,,,,,,,,,,
Urban,-7204,,2.01e-05,,,,,,,,,,,,,,,
Urban,-7105,,2.3199999999999998e-05,,,,,,,,,,,,,,,
Urban,-7005,,2.6899999999999997e-05,,,,,,,,,,,,,,,
Urban,-6906,,3.11e-05,,,,,,,,,,,,,,,
Urban,-6806,,3.6099999999999997e-05,,,,,,,,,,,,,,,
Urban,-6707,,4.1899999999999995e-05,,,,,,,,,,,,,,,
Urban,-6607,,4.88e-05,,,,,,,,,,,,,,,
Urban,-6508,,5.6899999999999994e-05,,,,,,,,,,,,,,,
Urban,-6408,,6.64e-05,,,,,,,,,,,,,,,
Urban,-6309,,7.759999999999999e-05,,,,,,,,,,,,,,,
Urban,-6209,,9.1e-05,,,,,,,,,,,,,,,
Urban,-6110,,0.000106863,,,,,,,,,,,,,,,
Urban,-6010,,0.00012578899999999998,,,,,,,,,,,,,,,
Urban,-5911,,0.000148412,,,,,,,,,,,,,,,
Urban,-5811,,0.000175484,,,,,,,,,,,,,,,
Urban,-5712,,0.00020789099999999998,,,,,,,,,,,,,,,
Urban,-5612,,0.00024669599999999997,,,,,,,,,,,,,,,
Urban,-5513,,0.000293162,,,,,,,,,,,,,,,
Urban,-5413,,0.00034879,,,,,,,,,,,,,,,
Urban,-5314,,0.00041536199999999996,,,,,,,,,,,,,,,
Urban,-5214,,0.00049498,,,,,,,,,,,,,,,
Urban,-5115,,0.0005901169999999999,,,,,,,,,,,,,,,
Urban,-5015,,0.0007036739999999999,,,,,,,,,,,,,,,
Urban,-4916,,0.0008390339999999999,,,,,,,,,,,,,,,
Urban,-4816,,0.001000124,,,,,,,,,,,,,,,
Urban,-4717,,0.001191481,,,,,,,,,,,,,,,
Urban,-4617,,0.001418305,,,,,,,,,,,,,,,
Urban,-4518,,0.001686526,,,,,,,,,,,,,,,
Urban,-4418,,0.002002846,,,,,,,,,,,,,,,
Urban,-4319,,0.002374782,,,,,,,,,,,,,,,
Urban,-4219,,0.0028106809999999998,,,,,,,,,,,,,,,
Urban,-4120,,0.0033197129999999997,,,,,,,,,,,,,,,
Urban,-4020,,0.003911829,,,,,,,,,,,,,,,
Urban,-3921,,0.0045977859999999995,,,,,,,,,,,,,,,
Urban,-3821,,0.00538994,,,,,,,,,,,,,,,
Urban,-3722,,0.006302261,,,,,,,,,,,,,,,
Urban,-3622,,0.007350158000000001,,,,,,,,,,,,,,,
Urban,-3523,,0.008550563,,,,,,,,,,,,,,,
Urban,-3423,,0.009922007,,,,,,,,,,,,,,,
Urban,-3324,,0.011484695,,,,,,,,,,,,,,,
Urban,-3224,,0.013260561,,,,,,,,,,,,,,,
Urban,-3125,,0.015273316,,,,,,,,,,,,,,,
Urban,-3025,,0.017548472,,,,,,,,,,,,,,,
Urban,-2926,,0.020113348,,,,,,,,,,,,,,,
Urban,-2826,,0.022997043999999998,,,,,,,,,,,,,,,
Urban,-2727,,0.026230387999999997,,,,,,,,,,,,,,,
Urban,-2627,,0.029845839,,,,,,,,,,,,,,,
Urban,-2528,,0.033877357000000004,,,,,,,,,,,,,,,
Urban,-2428,,0.038360214,,,,,,,,,,,,,,,
Urban,-2329,,0.043330764,,,,,,,,,,,,,,,
Urban,-2229,,0.048826145,,,,,,,,,,,,,,,
Urban,-2130,,0.054883931,,,,,,,,,,,,,,,
Urban,-2030,,0.06154170900000001,,,,,,,,,,,,,,,
Urban,-1931,,0.068844711,,,,,,,,,,,,,,,
Urban,-1831,,0.076934762,,,,,,,,,,,,,,,
Urban,-1732,,0.086057965,,,,,,,,,,,,,,,
Urban,-1632,,0.096538771,,,,,,,,,,,,,,,
Urban,-1533,,0.10879847599999999,,,,,,,,,,,,,,,
Urban,-1433,,0.123380037,,,,,,,,,,,,,,,
Urban,-1334,,0.14097865,,,,,,,,,,,,,,,
Urban,-1234,,0.162475893,,,,,,,,,,,,,,,
Urban,-1135,,0.18897052,,,,,,,,,,,,,,,
Urban,-1035,,0.221789533,,,,,,,,,,,,,,,
Urban,-936,,0.262408286,,,,,,,,,,,,,,,
Urban,-836,,0.311781505,,,,,,,,,,,,,,,
Urban,-737,,0.36996476100000003,,,,,,,,,,,,,,,
Urban,-637,,0.43601028299999994,,,,,,,,,,,,,,,
Urban,-538,,0.507749645,,,,,,,,,,,,,,,
Urban,-438,,0.581894934,,,,,,,,,,,,,,,
Urban,-339,,0.654552128,,,,,,,,,,,,,,,
Urban,-239,,0.7220131240000001,,,,,,,,,,,,,,,
Urban,-140,,0.7815032829999999,,,,,,,,,,,,,,,
Urban,-40,,0.8315787490000001,,,,,,,,,,,,,,,
Urban,59,,0.872081235,,,,,,,,,,,,,,,
Urban,159,,0.903766544,,,,,,,,,,,,,,,
Urban,258,,0.9279070629999999,,,,,,,,,,,,,,,
Urban,358,,0.9459470240000001,,,,,,,,,,,,,,,
Urban,457,,0.9592510870000001,,,,,,,,,,,,,,,
Urban,557,,0.968981781,,,,,,,,,,,,,,,
Urban,656,,0.976066566,,,,,,,,,,,,,,,
Urban,756,,0.981213729,,,,,,,,,,,,,,,
Urban,855,,0.98494818,,,,,,,,,,,,,,,
Urban,955,,0.98765062,,,,,,,,,,,,,,,
Urban,1054,,0.9895997329999999,,,,,,,,,,,,,,,
Urban,1154,,0.991108985,,,,,,,,,,,,,,,
Urban,1253,,0.992461968,,,,,,,,,,,,,,,
Urban,1353,,0.993811097,,,,,,,,,,,,,,,
Urban,1452,,0.9951958340000001,,,,,,,,,,,,,,,
Urban,1552,,0.9965621929999999,,,,,,,,,,,,,,,
Urban,1651,,0.997847237,,,,,,,,,,,,,,,
Urban,1751,,0.99890848,,,,,,,,,,,,,,,
Urban,1850,,0.999559344,,,,,,,,,,,,,,,
Urban Centers Present,-8000,0.18382352899999999,,,,,,,,,,,,,,,,
Urban Centers Present,-6000,0.18382352899999999,,,,,,,,,,,,,,,,
Urban Centers Present,-4000,0.919117647,,,,,,,,,,,,,,,,
Urban Centers Present,-2000,3.676470588,,,,,,,,,,,,,,,,
Urban Centers Present,-1000,4.9632352939999995,,,,,,,,,,,,,,,,
Urban Centers Present,0,10.47794118,,,,,,,,,,,,,,,,
Urban Centers Present,1000,16.72794118,,,,,,,,,,,,,,,,
Urban Centers Present,1550,18.93382353,,,,,,,,,,,,,,,,
Urban Centers Present,1800,20.22058824,,,,,,,,,,,,,,,,
Urban Centers Present,1900,23.71323529,,,,,,,,,,,,,,,,
Urban Centers Split,-8000,2.3809523809999997,,,,,,,,,,,,,,,,
Urban Centers Split,-6000,2.3809523809999997,,,,,,,,,,,,,,,,
Urban Centers Split,-4000,4.7619047619999995,,,,,,,,,,,,,,,,
Urban Centers Split,-2000,2.3809523809999997,,,,,,,,,,,,,,,,
Urban Centers Split,-1000,4.7619047619999995,,,,,,,,,,,,,,,,
Urban Centers Split,0,21.42857143,,,,,,,,,,,,,,,,
Urban Centers Split,1000,19.04761905,,,,,,,,,,,,,,,,
Urban Centers Split,1550,11.9047619,,,,,,,,,,,,,,,,
Urban Centers Split,1800,11.9047619,,,,,,,,,,,,,,,,
Urban Centers Split,1900,19.04761905,,,,,,,,,,,,,,,,
Uzbekistan,-8000,,,Widespread,None,None,None,Absent,,,,,,,,,,
Uzbekistan,-6000,,,Widespread,None,None,None,Absent,,,,,,,,,,
Uzbekistan,-4000,,,Widespread,None,None,Minimal,Absent,,,,,,,,,,
Uzbekistan,-2000,,,Common,Widespread,Common,Widespread,Absent,,,,,,,,,,
Uzbekistan,-1000,,,Minimal,Widespread,Widespread,Widespread,Present,,,,,,,,,,
Uzbekistan,0,,,Minimal,Common,Widespread,Widespread,Present,-8000.0,-2000.0,-2000.0,1900.0,-2000.0,1900.0,-2000.0,1900.0,-1000.0,1900.0
Uzbekistan,1000,,,Minimal,Common,Widespread,Widespread,Present,,,,,,,,,,
Uzbekistan,1500,,,Minimal,Widespread,Widespread,Widespread,Present,,,,,,,,,,
Uzbekistan,1750,,,None,Widespread,Widespread,Widespread,Present,,,,,,,,,,
Uzbekistan,1850,,,None,Common,Widespread,Common,Present,,,,,,,,,,
Vietnam,-8000,,,Common,None,None,None,Absent,,,,,,,,,,
Vietnam,-6000,,,Common,None,None,None,Absent,,,,,,,,,,
Vietnam,-4000,,,Common,None,None,None,Absent,,,,,,,,,,
Vietnam,-2000,,,Common,Minimal,None,None,Absent,,,,,,,,,,
Vietnam,-1000,,,Common,Common,None,None,Absent,,,,,,,,,,
Vietnam,0,,,Minimal,Common,Common,None,Absent,,,,,,,,,,
Vietnam,1000,,,Minimal,Common,Common,None,Present,,,,,,,,,,
Vietnam,1500,,,Minimal,Widespread,Widespread,None,Present,,,,,,,,,,
Vietnam,1750,,,Minimal,Widespread,Widespread,None,Present,,,,,,,,,,
Vietnam,1850,,,Minimal,Widespread,Widespread,None,Present,,,,,,,,,,
Yemen,-8000,,,Widespread,None,None,None,Absent,,,,,,,,,,
Yemen,-6000,,,Widespread,None,None,None,Absent,,,,,,,,,,
Yemen,-4000,,,Common,None,None,Common,Absent,,,,,,,,,,
Yemen,-2000,,,Common,Minimal,None,Common,Absent,,,,,,,,,,
Yemen,-1000,,,Minimal,Minimal,Common,Common,Absent,,,,,,,,,,
Yemen,0,,,Minimal,Minimal,Common,Common,Absent,,,,,,,,,,
Yemen,1000,,,Minimal,None,Common,Common,Present,,,,,,,,,,
Yemen,1500,,,None,None,Common,Common,Present,,,,,,,,,,
Yemen,1750,,,Minimal,Minimal,Common,Common,Present,,,,,,,,,,
Yemen,1850,,,Minimal,Minimal,Common,Common,Present,,,,,,,,,,
Zambia,-8000,,,Widespread,None,None,None,Absent,,,,,,,,,,
Zambia,-6000,,,Widespread,None,None,None,Absent,,,,,,,,,,
Zambia,-4000,,,Widespread,None,None,None,Absent,,,,,,,,,,
Zambia,-2000,,,Widespread,None,None,None,Absent,,,,,,,,,,
Zambia,-1000,,,Widespread,None,None,None,Absent,,,,,,,,,,
Zambia,0,,,Widespread,Minimal,None,Minimal,Absent,-8000.0,1900.0,1000.0,1900.0,1000.0,1900.0,1900.0,1900.0,1000.0,1900.0
Zambia,1000,,,Widespread,Common,Minimal,Common,Present,,,,,,,,,,
Zambia,1500,,,Widespread,Widespread,Minimal,Common,Present,,,,,,,,,,
Zambia,1750,,,Common,Widespread,Minimal,Common,Present,,,,,,,,,,
Zambia,1850,,,Common,Widespread,Common,Common,Present,,,,,,,,,,
Zimbabwe,-8000,,,Widespread,None,None,None,Absent,,,,,,,,,,
Zimbabwe,-6000,,,Widespread,None,None,None,Absent,,,,,,,,,,
Zimbabwe,-4000,,,Widespread,None,None,None,Absent,,,,,,,,,,
Zimbabwe,-2000,,,Widespread,None,None,None,Absent,,,,,,,,,,
Zimbabwe,-1000,,,Widespread,None,None,None,Absent,,,,,,,,,,
Zimbabwe,0,,,Widespread,Minimal,None,Minimal,Absent,-8000.0,1900.0,1000.0,1900.0,1000.0,1900.0,1900.0,1900.0,1000.0,1900.0
Zimbabwe,1000,,,Widespread,Common,Minimal,Common,Present,,,,,,,,,,
Zimbabwe,1500,,,Widespread,Widespread,Minimal,Common,Present,,,,,,,,,,
Zimbabwe,1750,,,Common,Widespread,Minimal,Common,Present,,,,,,,,,,
Zimbabwe,1850,,,Common,Widespread,Common,Common,Present,,,,,,,,,,
